Date,SPY,TLT,MSFT
1-3-2007,113.757118,62.702785,23.203939
1-4-2007,113.998512,63.08292,23.165081
1-5-2007,113.089256,62.808407,23.032974
1-8-2007,113.612244,62.921005,23.258337
1-9-2007,113.515709,62.921005,23.281645
1-10-2007,113.893875,62.639427,23.048515
1-11-2007,114.392807,62.273296,23.856693
1-12-2007,115.261871,61.984634,24.253004
1-16-2007,115.036545,62.118431,24.214149
1-17-2007,115.084808,61.928295,24.16753
1-18-2007,114.698593,62.118431,24.089821
1-19-2007,114.923859,61.949432,24.175306
1-22-2007,114.569786,62.097275,23.872234
1-23-2007,114.907753,61.688896,23.887781
1-24-2007,115.833183,61.681892,24.159758
1-25-2007,114.473259,61.238373,23.662424
1-26-2007,114.368637,61.189034,23.77899
1-29-2007,114.30426,61.055302,23.724592
1-30-2007,114.899689,61.125683,23.685734
1-31-2007,115.672241,61.639622,23.981028
2-1-2007,116.364265,61.565395,23.7479
2-2-2007,116.525154,61.643188,23.460375
2-5-2007,116.557381,61.727982,23.009663
2-6-2007,116.589554,62.067345,22.931955
2-7-2007,116.847099,62.251152,22.823162
2-8-2007,116.69416,62.300667,22.737682
2-9-2007,115.825111,61.947144,22.520105
2-12-2007,115.430809,61.805756,22.489017
2-13-2007,116.404495,61.671444,22.621578
2-14-2007,117.168953,62.258221,22.925694
2-15-2007,117.321846,62.442024,22.972479
2-16-2007,117.265472,62.661175,22.411037
2-20-2007,117.514954,62.802528,22.481222
2-21-2007,117.466606,62.696487,22.886705
2-22-2007,117.378159,62.357121,22.917894
2-23-2007,116.919456,62.802528,22.535803
2-26-2007,116.814857,63.219646,22.668362
2-27-2007,112.25235,64.01841,21.73263
2-28-2007,113.403023,63.728615,21.966558
3-1-2007,113.065071,63.688148,21.904175
3-2-2007,111.584503,64.007492,21.646843
3-5-2007,110.522339,64.113922,21.483086
3-6-2007,112.4133,63.922318,21.701426
3-7-2007,112.300606,64.170677,21.529879
3-8-2007,113.250198,64.113922,21.303741
3-9-2007,113.282333,63.439758,21.280352
3-12-2007,113.451317,63.688148,21.397316
3-13-2007,111.246529,64.071358,20.835865
3-14-2007,112.07534,63.780384,21.366125
3-15-2007,112.228233,63.773289,21.272549
3-16-2007,111.913956,63.759113,21.311541
3-19-2007,113.263092,63.624279,21.701426
3-20-2007,113.885117,63.659756,21.709227
3-21-2007,115.759384,63.688148,22.239481
3-22-2007,115.670532,63.18433,22.044537
3-23-2007,115.840179,63.006916,21.84959
3-26-2007,115.686668,63.08498,22.00555
3-27-2007,115.412064,62.978485,21.615662
3-28-2007,114.571808,62.85078,21.55327
3-29-2007,114.69297,62.765644,21.639048
3-30-2007,114.71727,62.644993,21.73263
4-2-2007,114.846512,62.74902,21.631256
4-3-2007,116.082535,62.67067,21.73263
4-4-2007,116.211838,62.734764,22.223883
4-5-2007,116.526855,62.49971,22.262877
4-9-2007,116.688408,62.086624,22.278471
4-10-2007,116.825768,62.271805,22.145905
4-11-2007,116.349159,62.229076,21.919771
4-12-2007,116.86618,62.24329,22.255079
4-13-2007,117.399399,62.051003,22.309668
4-16-2007,118.514214,62.392868,22.40324
4-17-2007,118.8293,62.741879,22.496815
4-18-2007,118.974739,63.055279,22.301865
4-19-2007,118.942459,62.948387,22.372046
4-20-2007,120.065331,62.784607,22.629372
4-23-2007,119.612953,63.012512,22.442226
4-24-2007,119.661407,63.247581,22.450029
4-25-2007,120.760086,63.026783,22.605982
4-26-2007,120.897415,62.570911,22.691759
4-27-2007,120.800507,62.556728,23.487135
4-30-2007,119.798714,63.21196,23.346779
5-1-2007,120.105698,63.25769,23.705488
5-2-2007,120.808578,63.221966,23.869232
5-3-2007,121.462906,63.078995,24.149956
5-4-2007,121.923431,63.33633,23.830246
5-7-2007,121.947647,63.507938,23.947212
5-8-2007,121.786118,63.364925,23.978401
5-9-2007,122.117317,63.114765,24.001797
5-10-2007,120.840935,63.264877,23.845837
5-11-2007,121.874985,63.043255,24.087566
5-14-2007,121.608337,62.878819,24.149956
5-15-2007,121.640724,62.857376,24.17342
5-16-2007,122.472778,62.81451,24.306414
5-17-2007,122.230408,62.557186,24.236012
5-18-2007,123.296837,62.142532,24.118662
5-21-2007,123.232201,62.328415,24.290773
5-22-2007,123.135193,62.006725,24.009138
5-23-2007,123.15139,61.827965,23.923084
5-24-2007,122.036545,61.885166,23.602343
5-25-2007,122.545494,61.74221,23.84486
5-29-2007,122.989822,61.735073,24.087374
5-30-2007,123.991585,61.863724,24.337709
5-31-2007,123.862366,61.749374,24.009138
6-1-2007,124.476273,61.424953,23.930912
6-4-2007,124.492462,61.704876,24.03261
6-5-2007,123.999619,61.317341,23.923084
6-6-2007,122.666687,61.288635,23.696215
6-7-2007,120.453133,60.190628,23.172064
6-8-2007,122.02037,60.140343,23.508461
6-11-2007,122.230408,59.968109,23.484993
6-12-2007,120.897415,59.099735,23.351997
6-13-2007,122.707077,59.803089,23.774445
6-14-2007,123.490654,59.652351,23.876146
6-15-2007,124.193321,60.06142,23.852678
6-18-2007,124.047325,59.939411,23.868326
6-19-2007,124.355591,60.499172,23.829208
6-20-2007,122.627411,60.011177,23.477173
6-21-2007,123.308945,59.724129,23.641455
6-22-2007,122.14875,60.11166,23.070366
6-25-2007,121.564552,60.441742,23.070366
6-26-2007,120.315041,60.456131,23.093838
6-27-2007,122.027039,60.513538,23.367645
6-28-2007,122.010849,60.499172,23.336353
6-29-2007,122.051361,61.123558,23.05472
7-2-2007,123.154785,61.444874,23.265942
7-3-2007,123.601082,61.070244,23.484993
7-5-2007,123.471237,60.385864,23.461525
7-6-2007,124.120361,60.140911,23.445875
7-9-2007,124.21769,60.357037,23.367645
7-10-2007,122.448944,61.380039,22.945192
7-11-2007,123.31707,60.746059,23.070366
7-12-2007,125.264336,60.537128,23.524107
7-13-2007,125.63755,60.702816,23.328526
7-16-2007,125.621338,61.286396,23.492811
7-17-2007,125.556389,61.156685,24.079546
7-18-2007,125.329216,61.387203,24.18907
7-19-2007,125.816032,61.372807,24.650635
7-20-2007,124.542206,61.927525,24.376825
7-23-2007,124.923553,61.826717,24.400297
7-24-2007,122.757248,62.057217,24.095196
7-25-2007,123.008774,62.179657,24.024784
7-26-2007,120.096031,62.69841,23.453701
7-27-2007,117.73497,62.878521,22.992138
7-30-2007,119.576736,62.69841,22.999956
7-31-2007,118.229897,63.152264,22.679209
8-1-2007,118.805984,63.015583,22.921722
8-2-2007,119.755241,63.17469,23.093838
8-3-2007,116.672119,63.594128,22.655743
8-6-2007,118.627495,63.13129,23.10948
8-7-2007,119.893166,63.080654,23.117304
8-8-2007,121.564552,62.314003,23.469347
8-9-2007,117.962166,62.400833,22.921722
8-10-2007,117.410469,62.256176,22.460159
8-13-2007,117.832344,62.43697,22.397579
8-14-2007,116.031151,62.603325,22.193468
8-15-2007,114.432793,62.379158,22.060005
8-16-2007,115.29277,63.0228,21.832336
8-17-2007,117.410469,62.769669,22.177763
8-20-2007,117.353676,62.805782,22.185616
8-21-2007,117.588951,63.109615,22.036455
8-22-2007,118.984489,63.008366,22.154209
8-23-2007,118.879036,63.22533,22.217016
8-24-2007,120.347565,63.536297,22.617392
8-27-2007,119.227905,63.86898,22.366177
8-28-2007,116.607216,63.977467,21.926554
8-29-2007,118.895233,63.803875,22.444681
8-30-2007,118.578766,64.230598,22.334776
8-31-2007,119.747124,64.281219,22.554594
9-4-2007,120.956024,64.311691,22.617392
9-5-2007,119.909386,64.827316,22.358326
9-6-2007,120.185287,64.660332,22.695902
9-7-2007,118.513863,65.57534,22.32692
9-10-2007,118.286705,66.083626,22.358326
9-11-2007,119.666016,66.032806,22.711594
9-12-2007,119.974289,65.785896,22.711594
9-13-2007,120.818115,65.197662,22.892166
9-14-2007,120.810013,65.292091,22.79796
9-17-2007,120.160942,65.604347,22.554594
9-18-2007,123.69841,65.110542,22.711594
9-19-2007,124.428635,64.507797,22.507486
9-20-2007,123.552368,63.287788,22.311218
9-21-2007,123.885811,63.82518,22.491787
9-24-2007,123.657516,64.006744,22.829357
9-25-2007,123.412979,63.781593,23.206182
9-26-2007,124.065117,63.839684,23.159077
9-27-2007,124.798798,64.282715,23.151232
9-28-2007,124.383072,64.42794,23.127682
10-1-2007,125.785217,64.796059,23.37104
10-2-2007,125.614006,65.000229,23.316095
10-3-2007,125.361305,64.810646,23.119831
10-4-2007,125.556946,65.058556,23.323938
10-5-2007,127.048729,64.358627,23.426004
10-8-2007,126.372139,64.307625,23.426004
10-9-2007,127.562286,64.22747,23.63011
10-10-2007,127.35038,64.263931,23.732174
10-11-2007,126.738953,64.198273,23.480953
10-12-2007,127.440048,63.884823,23.68507
10-15-2007,126.363983,63.89938,23.583008
10-16-2007,125.361305,63.921276,23.802826
10-17-2007,125.744415,64.621124,24.399464
10-18-2007,125.287926,64.978333,24.462261
10-19-2007,122.010864,65.947952,23.68507
10-22-2007,122.720085,65.955238,23.951984
10-23-2007,123.714577,65.86776,24.258152
10-24-2007,123.486336,66.356186,24.532921
10-25-2007,123.779823,66.130234,25.113865
10-26-2007,125.230827,65.977104,27.500423
10-29-2007,125.646591,66.232246,27.139299
10-30-2007,124.774361,66.195869,27.924355
10-31-2007,126.070541,65.597984,28.897827
11-1-2007,123.119492,66.450371,29.094082
11-2-2007,123.258087,66.662704,29.094082
11-5-2007,122.320618,66.633385,28.835012
11-6-2007,123.967308,66.311226,28.583805
11-7-2007,120.576088,66.428383,27.885101
11-8-2007,119.964699,66.311226,27.272762
11-9-2007,118.317986,66.875061,26.479855
11-12-2007,117.144089,67.116669,26.20509
11-13-2007,120.714653,66.867676,27.142391
11-14-2007,120.380394,66.940918,26.724937
11-15-2007,118.644035,67.570641,26.591032
11-16-2007,118.84787,67.665848,26.850965
11-19-2007,117.193001,68.105194,26.748566
11-20-2007,117.910362,68.031975,27.236906
11-21-2007,115.497368,68.427383,26.961231
11-23-2007,117.494621,68.632431,26.866716
11-26-2007,114.902298,69.987022,25.968792
11-27-2007,116.222939,69.320717,26.039682
11-28-2007,119.940208,68.852097,26.543777
11-29-2007,119.980942,69.445129,26.457134
11-30-2007,121.187439,69.108315,26.465017
12-3-2007,120.38855,69.656822,25.929407
12-4-2007,119.312531,69.649452,25.811264
12-5-2007,121.309715,68.818726,26.898214
12-6-2007,123.046135,68.215874,27.213278
12-7-2007,123.021652,67.451294,27.197525
12-10-2007,123.975441,67.046928,27.378679
12-11-2007,120.576088,68.362885,26.858829
12-12-2007,121.766197,67.65715,27.150269
12-13-2007,121.513565,66.921967,27.741003
12-14-2007,119.972855,66.613243,27.811903
12-17-2007,118.260864,67.208694,27.087257
12-18-2007,118.921234,67.642464,27.362934
12-19-2007,118.921234,68.539337,27.402309
12-20-2007,119.671219,68.392342,27.977295
12-21-2007,121.396355,67.392479,28.402626
12-24-2007,122.297783,67.076332,28.812208
12-26-2007,122.559998,66.488243,28.835835
12-27-2007,121.019302,67.213058,28.331738
12-28-2007,120.716118,68.261192,28.449886
12-31-2007,119.822838,68.674515,28.040306
1-2-2008,118.773804,69.663605,27.741003
1-3-2008,118.716469,69.567635,27.859146
1-4-2008,115.807114,69.582451,27.079384
1-7-2008,115.708786,69.885048,27.260536
1-8-2008,113.840302,69.803871,26.346867
1-9-2008,115.036781,69.936737,27.126637
1-10-2008,115.790749,68.991928,27.039995
1-11-2008,114.856483,69.530777,26.709187
1-14-2008,115.782593,69.789063,27.087257
1-15-2008,113.233826,70.571526,26.780073
1-16-2008,112.258591,70.06221,26.17358
1-17-2008,109.349281,70.970108,26.079062
1-18-2008,108.226532,70.482941,26.00029
1-22-2008,107.128365,71.235817,25.173265
1-23-2008,109.701683,71.073441,25.149639
1-24-2008,110.627754,69.648865,26.189337
1-25-2008,109.029671,70.822449,25.945164
1-28-2008,110.832611,70.556755,25.771883
1-29-2008,111.381714,70.076996,25.677366
1-30-2008,110.56218,69.619354,25.362305
1-31-2008,112.578209,70.113869,25.677366
2-1-2008,114.389389,70.535286,23.983913
2-4-2008,112.947037,69.809456,23.779123
2-5-2008,109.922951,70.342766,22.896961
2-6-2008,109.037842,70.12793,22.463753
2-7-2008,109.759033,68.616989,22.148695
2-8-2008,109.054283,69.402069,22.495255
2-11-2008,109.611542,69.690926,22.219582
2-12-2008,110.627754,69.276146,22.32197
2-13-2008,111.75869,68.542908,22.81032
2-14-2008,110.775276,67.535545,22.448006
2-15-2008,110.750664,68.054001,22.384991
2-19-2008,111.062065,67.365173,22.274294
2-20-2008,111.389893,67.831818,22.313822
2-21-2008,110.463814,68.550308,22.218941
2-22-2008,111.144058,68.157745,21.886839
2-25-2008,112.545418,67.461464,22.013353
2-26-2008,113.389534,67.483711,22.440338
2-27-2008,113.274796,67.542976,22.345449
2-28-2008,112.168434,68.742905,22.084522
2-29-2008,109.668915,69.794647,21.507299
3-3-2008,109.406647,69.614716,21.341249
3-4-2008,108.98867,68.938164,21.815676
3-5-2008,109.677109,68.113029,22.234751
3-6-2008,107.407005,68.477272,21.799864
3-7-2008,106.300644,68.566528,22.037075
3-10-2008,104.899254,69.577583,22.179398
3-11-2008,108.669067,68.982765,23.151974
3-12-2008,107.65287,70.313507,22.63801
3-13-2008,107.890526,69.76339,22.63011
3-14-2008,106.218697,70.625748,22.108242
3-17-2008,105.145119,71.168495,22.377081
3-18-2008,109.513191,70.893387,23.262672
3-19-2008,106.800568,72.068077,22.63011
3-20-2008,108.778816,72.246452,23.072905
3-24-2008,110.953056,70.848785,23.064999
3-25-2008,111.06012,71.146187,23.041275
3-26-2008,109.701202,70.848785,22.582663
3-27-2008,109.355286,70.350708,22.179398
3-28-2008,108.309364,71.034653,22.068701
3-31-2008,108.68824,71.287476,22.440338
4-1-2008,112.509613,70.12722,23.325933
4-2-2008,112.583725,70.276512,23.057089
4-3-2008,112.863785,70.433372,22.930573
4-4-2008,112.740227,71.075409,23.057089
4-7-2008,112.797905,70.702103,23.057089
4-8-2008,112.682579,70.45575,22.732903
4-9-2008,111.867226,71.187393,22.843603
4-10-2008,112.023727,70.948479,23.017559
4-11-2008,109.849495,71.426331,22.361273
4-14-2008,109.478836,71.008209,22.187309
4-15-2008,109.734169,70.12722,22.337542
4-16-2008,112.707283,69.440399,22.891048
4-17-2008,112.872009,69.320938,23.10453
4-18-2008,114.049728,69.261192,23.721292
4-21-2008,114.107361,69.537445,24.053385
4-22-2008,113.604996,69.776329,23.918964
4-23-2008,113.423813,69.544914,24.867819
4-24-2008,113.917961,68.955078,25.144562
4-25-2008,114.97216,68.551888,23.586868
4-28-2008,114.996857,68.760963,22.922674
4-29-2008,114.543907,69.022301,22.645926
4-30-2008,113.868538,69.515053,22.551035
5-1-2008,116.224007,69.519524,23.246864
5-2-2008,116.545174,68.642815,23.120346
5-5-2008,115.985138,68.642815,22.993832
5-6-2008,116.989914,68.148338,23.484076
5-7-2008,114.906281,68.440567,23.096626
5-8-2008,114.609718,69.054977,23.14407
5-9-2008,114.39563,69.309708,23.238955
5-12-2008,115.680435,69.204849,23.713377
5-13-2008,115.696877,68.448021,23.634014
5-14-2008,115.935738,68.478004,23.753059
5-15-2008,117.385254,69.099937,24.165743
5-16-2008,117.492332,68.815186,23.800678
5-19-2008,117.813461,68.905075,23.38006
5-20-2008,116.858139,69.264763,22.824528
5-21-2008,114.881577,69.279739,22.419777
5-22-2008,114.898018,68.463036,22.594374
5-23-2008,113.357941,68.762726,22.261053
5-27-2008,114.197983,68.29818,22.570566
5-28-2008,114.725067,67.691261,22.364222
5-29-2008,115.301544,67.204216,22.467392
5-30-2008,115.589859,67.646317,22.475332
6-2-2008,114.39563,67.90728,22.062649
6-3-2008,113.728539,68.396088,21.673775
6-4-2008,113.670853,67.786926,21.856314
6-5-2008,115.943947,67.380859,22.459459
6-6-2008,112.246078,68.253174,21.816631
6-9-2008,112.517876,68.253174,21.991224
6-10-2008,111.957825,67.809525,22.134077
6-11-2008,110.310684,67.65152,21.522989
6-12-2008,110.730682,66.974724,22.411844
6-13-2008,112.130768,66.831879,23.070553
6-16-2008,112.196648,66.846886,22.95944
6-17-2008,111.653099,66.982246,22.85627
6-18-2008,110.565987,67.546295,22.586439
6-19-2008,110.705994,67.147713,22.95944
6-20-2008,108.909058,67.53875,22.403906
6-23-2008,108.801453,67.681648,22.197563
6-24-2008,108.586235,68.132843,22.007092
6-25-2008,109.099396,68.16291,22.499144
6-26-2008,106.136223,68.621658,22.022963
6-27-2008,105.556847,69.426338,21.927727
6-30-2008,105.929298,69.44136,21.832504
7-1-2008,106.260384,69.276802,21.324585
7-2-2008,104.439461,69.639099,20.538898
7-3-2008,104.547035,69.488121,20.618261
7-7-2008,103.479324,69.805138,20.657944
7-8-2008,105.316811,70.257996,20.515091
7-9-2008,103.288948,70.567413,20.023048
7-10-2008,103.71109,70.559875,20.197643
7-11-2008,102.502594,69.556137,20.038919
7-14-2008,101.575607,70.167419,19.959553
7-15-2008,100.143692,70.144753,20.753176
7-16-2008,102.601967,68.876808,21.634094
7-17-2008,103.628296,68.522095,21.840433
7-18-2008,104.273911,68.265472,20.523022
7-21-2008,104.331863,68.529633,20.348431
7-22-2008,105.515472,68.189995,20.475407
7-23-2008,106.086571,68.054138,20.975391
7-24-2008,103.884872,68.71833,20.189705
7-25-2008,103.860062,68.031548,20.761114
7-28-2008,102.33709,68.71833,20.237322
7-29-2008,104.522224,68.439079,20.72143
7-30-2008,106.38456,68.506996,20.816662
7-31-2008,104.97747,69.186264,20.411921
8-1-2008,104.422882,69.339249,20.189705
8-4-2008,103.454491,69.180222,20.062727
8-5-2008,106.243835,68.665138,20.800785
8-6-2008,106.715607,68.38485,21.443624
8-7-2008,105.126419,69.49836,21.737265
8-8-2008,107.079803,69.687721,22.324543
8-11-2008,108.188942,69.021126,22.142012
8-12-2008,107.063286,69.665009,22.316607
8-13-2008,106.417648,69.422577,22.149946
8-14-2008,107.220505,69.869499,22.149946
8-15-2008,107.742004,70.475487,22.070587
8-18-2008,106.268661,70.755745,21.975349
8-19-2008,105.109879,70.483101,21.76819
8-20-2008,105.598244,70.680008,21.744286
8-21-2008,105.780327,70.551224,21.656637
8-22-2008,107.311592,70.505806,22.182516
8-25-2008,105.134727,71.210236,22.039091
8-26-2008,105.440941,71.270805,21.728354
8-27-2008,106.467323,71.392052,21.959419
8-28-2008,107.758514,71.39962,22.26219
8-29-2008,106.599747,71.081413,21.744286
9-2-2008,105.937584,71.742874,21.592897
9-3-2008,105.846542,72.046951,21.433533
9-4-2008,102.659889,72.624748,20.995304
9-5-2008,102.982681,72.586731,20.437559
9-8-2008,105.109879,72.890785,20.812048
9-9-2008,101.989464,73.613052,20.796116
9-10-2008,102.403297,73.156891,21.067013
9-11-2008,103.884872,73.118866,21.784121
9-12-2008,104.364967,72.176193,22.007225
9-15-2008,99.39875,74.517693,21.369795
9-16-2008,101.062447,74.502533,20.708458
9-17-2008,96.518349,74.875,19.57703
9-18-2008,99.382195,73.780251,20.12681
9-19-2008,103.329048,71.438797,20.047127
9-22-2008,100.989746,71.43116,20.238356
9-23-2008,98.69207,71.157478,20.270222
9-24-2008,99.008415,71.469177,20.493336
9-25-2008,100.556839,71.324715,21.202467
9-26-2008,100.606773,71.841698,21.831934
9-29-2008,92.723091,73.932289,19.927612
9-30-2008,96.560883,72.130577,21.266214
10-1-2008,96.619141,73.038002,21.098886
10-2-2008,93.114334,73.625221,20.915625
10-3-2008,91.857285,74.273369,20.971401
10-6-2008,87.178673,75.623093,19.847931
10-7-2008,83.2743,75.394325,18.509333
10-8-2008,81.176384,74.31147,18.334036
10-9-2008,75.507133,73.686195,17.768326
10-10-2008,73.675644,73.167702,17.130898
10-13-2008,84.373177,72.229713,20.318041
10-14-2008,83.124435,71.76458,19.202541
10-15-2008,74.941002,72.45089,18.05517
10-16-2008,78.062881,72.077164,19.274246
10-17-2008,77.596672,71.581535,19.06708
10-20-2008,82.258636,72.153442,19.696541
10-21-2008,79.802788,72.534744,18.612917
10-22-2008,75.457184,74.00647,17.154797
10-23-2008,76.331284,74.555511,17.784258
10-24-2008,72.460197,73.762459,17.497412
10-27-2008,69.887802,73.81588,16.875921
10-28-2008,78.05455,72.740639,18.405754
10-29-2008,77.488464,72.374596,18.326069
10-30-2008,80.169075,71.718834,18.031258
10-31-2008,80.610291,70.788452,17.792225
11-3-2008,80.843414,70.979874,18.023296
11-4-2008,83.590637,72.312019,18.748367
11-5-2008,80.077507,73.169487,17.593031
11-6-2008,75.640327,72.641228,16.636883
11-7-2008,78.13781,72.166557,17.130898
11-10-2008,77.113831,72.518784,16.971535
11-11-2008,74.732903,72.733124,16.891863
11-12-2008,71.44455,73.200157,16.174747
11-13-2008,75.898392,71.446892,16.931694
11-14-2008,72.110542,72.863258,15.983516
11-17-2008,71.153198,73.18486,15.393902
11-18-2008,72.493492,74.126534,15.738839
11-19-2008,67.848167,76.025291,14.671938
11-20-2008,62.811588,79.952843,14.062274
11-21-2008,66.199829,78.796791,15.786972
11-24-2008,70.786888,77.564133,16.597178
11-25-2008,71.311371,79.845657,16.035646
11-26-2008,74.066895,79.952843,16.436731
11-28-2008,74.999268,80.940498,16.220148
12-1-2008,68.355988,84.040146,14.928634
12-2-2008,70.986702,84.362808,15.361814
12-3-2008,72.693306,84.600899,15.939386
12-4-2008,71.011665,86.267876,15.329726
12-5-2008,73.201134,84.869789,15.939386
12-8-2008,75.756866,84.685387,16.853878
12-9-2008,74.508133,86.360054,16.524981
12-10-2008,75.015961,86.152672,16.532999
12-11-2008,73.209442,86.321663,15.602472
12-12-2008,74.083572,86.321663,15.530272
12-15-2008,73.051285,87.304939,15.273575
12-16-2008,76.489456,89.463531,16.131908
12-17-2008,75.748535,91.891052,15.770925
12-18-2008,74.333305,93.819244,15.482141
12-19-2008,74.013542,93.919106,15.337749
12-22-2008,73.065216,93.196968,15.385878
12-23-2008,72.309868,93.074074,15.466099
12-24-2008,72.729523,92.874336,15.377854
12-26-2008,73.149124,93.181625,15.345765
12-29-2008,72.939316,93.069878,15.209395
12-30-2008,74.668167,93.956291,15.514232
12-31-2008,75.734016,91.990768,15.594445
1-2-2009,78.016777,89.67849,16.308393
1-5-2009,77.924446,87.366203,16.460802
1-6-2009,78.444778,86.487572,16.65333
1-7-2009,76.094887,86.82666,15.650601
1-8-2009,76.405426,86.757301,16.139931
1-9-2009,74.76889,86.888321,15.658618
1-12-2009,72.972878,87.790131,15.618513
1-13-2009,73.107162,87.882607,15.899277
1-14-2009,70.807617,89.331665,15.31368
1-15-2009,70.832787,89.478104,15.434012
1-16-2009,71.386711,88.09845,15.811034
1-20-2009,67.618477,88.083,14.824349
1-21-2009,70.53904,85.300552,15.546314
1-22-2009,69.448029,83.658844,13.72536
1-23-2009,69.750168,83.003693,13.797558
1-26-2009,70.228523,82.279121,14.142491
1-27-2009,70.941879,84.213776,14.166559
1-28-2009,73.342163,82.109612,14.471388
1-29-2009,70.958687,80.22123,14.110406
1-30-2009,69.51519,79.966873,13.71734
2-2-2009,69.305367,81.454643,14.302931
2-3-2009,70.278862,79.514748,14.840392
2-4-2009,69.934799,79.236488,14.944677
2-5-2009,70.975449,79.30603,15.273575
2-6-2009,72.998055,79.058762,15.770925
2-9-2009,73.098785,79.313759,15.594445
2-10-2009,69.750168,81.0373,15.081044
2-11-2009,70.161377,82.088463,15.409939
2-12-2009,70.211754,81.315536,15.450052
2-13-2009,69.456421,79.151451,15.31368
2-17-2009,66.485458,81.616974,14.610998
2-18-2009,66.326019,80.921356,14.635228
2-19-2009,65.612633,79.545639,14.465616
2-20-2009,64.974831,80.31852,14.538306
2-23-2009,62.650105,81.060516,13.900236
2-24-2009,65.025162,80.975479,13.867926
2-25-2009,64.513237,80.040276,13.698318
2-26-2009,63.464176,79.197784,13.262164
2-27-2009,62.045826,78.741837,13.04409
3-2-2009,59.25111,80.045471,12.753325
3-3-2009,58.806328,79.510666,12.826015
3-4-2009,60.199463,79.146378,13.019862
3-5-2009,57.740479,81.347473,12.33333
3-6-2009,57.841171,80.804962,12.341403
3-9-2009,57.161385,80.332207,12.236407
3-10-2009,60.568756,78.789879,13.310626
3-11-2009,60.963192,79.642433,13.81947
3-12-2009,63.363461,80.022179,13.7387
3-13-2009,63.858624,79.619156,13.447937
3-16-2009,63.665588,78.363609,13.124863
3-17-2009,65.612633,77.937325,13.649851
3-18-2009,67.081306,80.890213,13.698318
3-19-2009,66.250473,80.990982,13.843694
3-20-2009,64.839737,80.541504,13.779083
3-23-2009,69.497101,79.843933,14.804838
3-24-2009,68.127792,80.603409,14.481766
3-25-2009,68.846252,79.518448,14.441386
3-26-2009,70.249382,80.440712,15.208687
3-27-2009,68.981499,81.037468,14.643304
3-30-2009,66.597885,81.347473,14.118308
3-31-2009,67.214912,81.928795,14.83715
4-1-2009,68.516624,82.676476,15.596368
4-2-2009,70.519875,81.666039,15.580218
4-3-2009,71.221436,79.994972,15.144067
4-6-2009,70.663589,79.652985,15.152146
4-7-2009,69.015327,79.855042,15.152146
4-8-2009,69.759132,80.56237,15.499451
4-9-2009,72.531586,79.551888,15.887136
4-13-2009,72.548492,80.282532,15.82252
4-14-2009,71.297523,80.702232,15.628674
4-15-2009,72.058235,80.56237,15.208687
4-16-2009,73.114815,79.924973,15.959828
4-17-2009,73.605064,79.046684,15.507525
4-20-2009,70.519875,80.243652,15.030994
4-21-2009,71.897644,79.45089,15.321755
4-22-2009,71.458092,78.968956,15.1683
4-23-2009,72.159668,78.961235,15.281376
4-24-2009,73.250061,78.168419,16.888666
4-27-2009,72.556931,78.502625,16.476748
4-28-2009,72.328728,77.220146,16.097132
4-29-2009,73.867088,76.536186,16.355595
4-30-2009,73.892448,76.233055,16.363672
5-1-2009,74.289711,75.708351,16.347515
5-4-2009,76.817047,75.957825,16.30714
5-5-2009,76.555016,75.864311,15.984058
5-6-2009,77.882072,75.684982,15.984058
5-7-2009,76.800125,73.83728,15.604445
5-8-2009,78.592102,74.016594,15.685222
5-11-2009,77.121361,75.069077,15.604445
5-12-2009,76.893135,75.341927,16.064825
5-13-2009,74.957458,76.160568,15.951754
5-14-2009,75.599869,76.456825,16.202135
5-15-2009,74.982826,76.433395,16.331364
5-18-2009,77.112885,75.248413,16.638281
5-19-2009,77.019913,74.850777,16.508232
5-20-2009,76.504333,75.638206,16.56513
5-21-2009,75.405479,73.735954,16.109953
5-22-2009,75.244873,72.91732,16.053061
5-26-2009,77.172073,71.818092,16.532616
5-27-2009,75.794312,70.54731,16.361931
5-28-2009,76.850853,71.568634,16.622026
5-29-2009,78.211716,73.416275,16.979668
6-1-2009,80.10511,71.245872,17.394199
6-2-2009,80.172737,71.629135,17.394199
6-3-2009,79.158417,72.30172,17.662426
6-4-2009,79.902237,70.807838,17.74371
6-5-2009,79.919136,70.268173,17.99568
6-8-2009,79.589485,70.088203,17.922523
6-9-2009,79.995232,70.080406,17.946915
6-10-2009,79.792366,68.977623,18.328936
6-11-2009,80.147369,69.744087,18.55652
6-12-2009,80.367126,70.369843,18.962929
6-15-2009,78.524475,71.003342,19.036083
6-16-2009,77.459442,72.239174,19.060469
6-17-2009,77.383362,71.832451,19.247416
6-18-2009,77.949692,70.745239,19.101109
6-19-2009,78.237015,71.715141,19.564411
6-22-2009,75.890915,72.411247,18.922291
6-23-2009,75.950424,73.263779,18.97105
6-24-2009,76.604927,72.528564,19.076723
6-25-2009,78.271011,73.858223,19.336823
6-26-2009,78.066986,73.983376,18.979181
6-29-2009,78.798042,74.092873,19.393723
6-30-2009,78.160492,73.967705,19.320572
7-1-2009,78.483513,73.820969,19.540024
7-2-2009,76.341431,73.993607,18.995445
7-6-2009,76.332932,73.852394,18.857262
7-7-2009,74.853867,74.346687,18.312679
7-8-2009,74.802872,75.719864,18.337065
7-9-2009,74.947372,74.817535,18.239523
7-10-2009,74.76889,75.508018,18.198883
7-13-2009,76.587959,75.084274,18.881647
7-14-2009,77.021454,73.8367,18.784109
7-15-2009,79.274055,71.93779,19.605051
7-16-2009,79.146553,72.714638,19.865149
7-17-2009,80.013573,71.592545,19.743229
7-20-2009,80.863594,71.969215,19.938307
7-21-2009,81.237617,73.405098,20.182152
7-22-2009,81.220642,72.74601,20.157759
7-23-2009,83.014214,71.412086,20.775501
7-24-2009,83.354218,71.757317,19.060469
7-27-2009,83.600693,70.933411,18.784109
7-28-2009,83.209694,71.561172,19.076723
7-29-2009,83.005699,71.953491,19.34495
7-30-2009,83.872719,72.973534,19.353077
7-31-2009,83.991737,74.393784,19.117365
8-3-2009,85.377281,73.266373,19.369335
8-4-2009,85.598289,72.683792,19.320572
8-5-2009,85.351784,71.59726,19.353077
8-6-2009,84.909767,71.841339,19.068596
8-7-2009,86.023323,71.242966,19.149874
8-10-2009,85.84478,72.13266,19.036083
8-11-2009,84.773758,72.96714,18.800365
8-12-2009,85.683289,72.187767,19.125492
8-13-2009,86.337814,73.211281,19.198647
8-14-2009,85.674789,73.494682,19.255541
8-17-2009,83.566681,74.581161,18.897903
8-18-2009,84.229729,74.148132,19.273897
8-19-2009,84.969276,74.762268,19.331114
8-20-2009,85.84478,75.376343,19.347466
8-21-2009,87.527855,73.825363,19.952328
8-24-2009,87.519356,75.16378,20.140327
8-25-2009,87.689369,75.588928,20.140327
8-26-2009,87.697868,75.935326,20.066759
8-27-2009,87.893372,75.636162,20.181192
8-28-2009,87.876366,75.982582,20.173023
8-31-2009,87.09436,76.053398,20.148504
9-1-2009,85.173271,75.869377,19.617201
9-2-2009,84.85025,76.975121,19.502768
9-3-2009,85.555779,76.501282,19.707113
9-4-2009,86.754341,75.198021,20.123983
9-8-2009,87.502373,74.668892,20.287457
9-9-2009,88.173889,74.581985,20.254761
9-10-2009,89.074921,75.956245,20.434584
9-11-2009,89.057907,76.374863,20.32015
9-14-2009,89.491432,75.616692,20.434584
9-15-2009,89.865463,75.229591,20.598064
9-16-2009,91.22551,75.363922,20.598064
9-17-2009,91.0895,76.311707,20.679802
9-18-2009,91.147583,75.632423,20.647106
9-21-2009,90.916977,75.806236,20.679802
9-22-2009,91.446495,75.964188,21.063969
9-23-2009,90.686386,76.193245,21.014925
9-24-2009,89.687103,76.414368,21.202925
9-25-2009,89.208809,77.385841,20.884144
9-28-2009,90.805954,78.065071,21.11301
9-29-2009,90.532639,77.993988,21.047621
9-30-2009,90.182457,77.92292,21.023102
10-1-2009,87.944771,78.990112,20.336504
10-2-2009,87.534828,78.44342,20.401894
10-5-2009,88.841553,78.451355,20.140327
10-6-2009,90.114143,77.674934,20.524496
10-7-2009,90.361839,78.586014,20.516321
10-8-2009,91.053635,77.762093,20.982231
10-9-2009,91.608772,75.979492,20.884144
10-12-2009,91.967499,76.098274,21.023102
10-13-2009,91.77961,76.494423,21.096668
10-14-2009,93.359665,75.361458,21.219273
10-15-2009,93.701279,75.012878,21.832306
10-16-2009,93.000938,75.62294,21.660658
10-19-2009,93.769608,76.217117,21.546228
10-20-2009,93.274231,76.62912,21.554401
10-21-2009,92.437241,76.169594,21.726051
10-22-2009,93.376747,75.797241,21.734222
10-23-2009,92.309135,75.226768,22.903084
10-26-2009,91.309853,74.252243,23.442554
10-27-2009,90.891342,75.266434,23.368992
10-28-2009,89.174652,75.62294,22.903084
10-29-2009,91.087807,74.798965,23.066557
10-30-2009,88.448692,75.884407,22.66604
11-2-2009,89.097786,75.548996,22.788647
11-3-2009,89.379639,74.793861,22.502569
11-4-2009,89.610229,74.110321,22.935778
11-5-2009,91.258606,74.110321,23.270905
11-6-2009,91.497757,74.181831,23.311773
11-9-2009,93.581734,74.269302,23.695942
11-10-2009,93.598816,74.134163,23.712294
11-11-2009,94.077095,74.44413,23.802202
11-12-2009,93.120506,74.309021,23.998373
11-13-2009,93.624405,74.65078,24.219069
11-16-2009,94.982414,75.525101,24.1455
11-17-2009,95.09343,75.930466,24.62989
11-18-2009,95.033646,75.48539,24.7202
11-19-2009,93.795242,75.620514,24.449274
11-20-2009,93.462135,75.60463,24.317911
11-23-2009,94.649315,75.509239,24.580633
11-24-2009,94.79451,75.986137,24.556
11-25-2009,95.127602,76.335846,24.457479
11-27-2009,93.581734,76.621986,23.989513
11-30-2009,93.897751,76.804817,24.145498
12-1-2009,95.059265,75.949173,24.638102
12-2-2009,95.016579,76.01297,24.449274
12-3-2009,94.273506,75.223618,24.490322
12-4-2009,94.8116,74.426239,24.61347
12-7-2009,94.666389,74.521957,24.457479
12-8-2009,93.615875,74.63356,24.276865
12-9-2009,93.966034,74.290688,24.3918
12-10-2009,94.49559,73.437515,24.523165
12-11-2009,94.897003,73.42952,24.506742
12-14-2009,95.546112,73.517235,24.7202
12-15-2009,95.101974,73.190331,24.646311
12-16-2009,95.247147,73.102585,24.711992
12-17-2009,94.102715,74.306656,24.301495
12-18-2009,94.635071,73.987701,24.925447
12-21-2009,95.596825,72.672043,25.056814
12-22-2009,95.940269,72.265396,25.303108
12-23-2009,96.129189,72.281364,25.38521
12-24-2009,96.584274,71.531822,25.450888
12-28-2009,96.790359,71.332466,25.590458
12-29-2009,96.652977,71.803009,25.77108
12-30-2009,96.618614,72.275116,25.418049
12-31-2009,95.691261,71.931046,25.023968
1-4-2010,97.314163,71.867004,25.40984
1-5-2010,97.571754,72.331108,25.418049
1-6-2010,97.640457,71.362869,25.262056
1-7-2010,98.052658,71.482872,24.999338
1-8-2010,98.378929,71.450905,25.171749
1-11-2010,98.516312,71.058792,24.851563
1-12-2010,97.597534,72.275116,24.687365
1-13-2010,98.421867,71.434875,24.917242
1-14-2010,98.688065,72.435173,25.418049
1-15-2010,97.580353,72.883286,25.335951
1-19-2010,98.79969,72.675194,25.532986
1-20-2010,97.795021,73.411415,25.114279
1-21-2010,95.914513,73.747536,24.638102
1-22-2010,93.776421,73.619476,23.776051
1-25-2010,94.257256,73.283394,24.071613
1-26-2010,93.862267,73.307388,24.219395
1-27-2010,94.308784,73.267349,24.358967
1-28-2010,93.226883,73.227364,23.940254
1-29-2010,92.213615,73.867546,23.135681
2-1-2010,93.647606,73.196976,23.324503
2-2-2010,94.781075,73.405792,23.365559
2-3-2010,94.308784,72.554573,23.505129
2-4-2010,91.397873,73.702919,22.856541
2-5-2010,91.586769,73.863525,23.004322
2-8-2010,90.925613,73.959908,22.758018
2-9-2010,92.067619,73.221077,22.996111
2-10-2010,91.887314,72.522438,22.979691
2-11-2010,92.849037,72.128922,23.08642
2-12-2010,92.771744,72.426086,22.930431
2-16-2010,94.231499,72.56263,23.384092
2-17-2010,94.677994,71.735458,23.582048
2-18-2010,95.236168,71.446404,23.895491
2-19-2010,95.43364,71.831833,23.730518
2-22-2010,95.450836,71.534706,23.697527
2-23-2010,94.291603,72.65094,23.36759
2-24-2010,95.158905,72.827614,23.615038
2-25-2010,95.03009,73.237167,23.5903
2-26-2010,95.090179,73.614594,23.648039
3-1-2010,96.077644,73.582306,23.936728
3-2-2010,96.343857,73.485664,23.474817
3-3-2010,96.429718,73.300385,23.474817
3-4-2010,96.72168,73.68708,23.615038
3-5-2010,98.104126,72.720367,23.582048
3-8-2010,98.121307,72.341766,23.615038
3-9-2010,98.28447,72.357857,23.755264
3-10-2010,98.722397,72.172562,23.895491
3-11-2010,99.13456,72.438431,24.068705
3-12-2010,99.143181,72.88958,24.142941
3-15-2010,99.168892,72.792908,24.159433
3-16-2010,99.958893,73.372887,24.225426
3-17-2010,100.551392,73.68708,24.439875
3-18-2010,100.499878,73.445366,24.423382
3-19-2010,99.991158,73.517921,24.406885
3-22-2010,100.525719,73.598473,24.415133
3-23-2010,101.232765,73.252052,24.646086
3-24-2010,100.74128,71.914795,24.456375
3-25-2010,100.577454,71.455566,24.753317
3-26-2010,100.51712,71.656998,24.464619
3-29-2010,101.155167,71.383133,24.406885
3-30-2010,101.224136,71.608658,24.555365
3-31-2010,100.879234,72.100098,24.159433
4-1-2010,101.569023,71.923744,24.052208
4-5-2010,102.396744,70.727119,24.142941
4-6-2010,102.638161,70.840263,24.184183
4-7-2010,102.051857,71.745888,24.208923
4-8-2010,102.405373,71.778229,24.679083
4-9-2010,103.077904,71.948044,25.025511
4-12-2010,103.241722,72.328125,25.009014
4-13-2010,103.319305,72.562614,25.116241
4-14-2010,104.491936,72.053177,25.421438
4-15-2010,104.578156,72.134033,25.462675
4-16-2010,102.91407,72.659637,25.297703
4-19-2010,103.302048,72.481705,25.602896
4-20-2010,104.224648,72.740456,25.866842
4-21-2010,104.034935,73.338829,25.842096
4-22-2010,104.345337,73.120506,25.89159
4-23-2010,105.026489,72.861786,25.536907
4-26-2010,104.629875,72.942635,25.660635
4-27-2010,102.155334,73.969566,25.446175
4-28-2010,102.931313,73.338829,25.495667
4-29-2010,104.207382,73.646103,25.569906
4-30-2010,102.439857,74.495094,25.190472
5-3-2010,103.767654,74.397743,25.454426
5-4-2010,101.327576,75.736496,24.852291
5-5-2010,100.724037,76.182838,24.621347
5-6-2010,97.378662,78.535881,23.903736
5-7-2010,95.930122,77.554085,23.26861
5-10-2010,100.154961,75.947548,23.870743
5-11-2010,99.87043,75.752785,23.821251
5-12-2010,101.267242,75.176689,24.283163
5-13-2010,100.0084,75.671684,24.118191
5-14-2010,98.197754,76.986107,23.862494
5-17-2010,98.249489,76.70211,23.870743
5-18-2010,96.913071,77.878693,23.696749
5-19-2010,96.361221,78.138306,23.398468
5-20-2010,92.722679,79.785484,22.462196
5-21-2010,94.076355,79.866608,22.238482
5-24-2010,92.869263,79.590698,21.766207
5-25-2010,92.964096,79.980202,21.600491
5-26-2010,92.403671,79.752983,20.722225
5-27-2010,95.499016,77.943565,21.542496
5-28-2010,94.300529,78.300598,21.376783
6-1-2010,92.71405,78.85096,21.451361
6-2-2010,95.128265,78.101944,21.92363
6-3-2010,95.455887,77.532028,22.255054
6-4-2010,92.101891,79.616257,21.368494
6-7-2010,90.955132,80.226891,20.954216
6-8-2010,91.929436,79.827957,20.805082
6-9-2010,91.437981,79.738373,20.539944
6-10-2010,94.110825,78.313591,20.71394
6-11-2010,94.567802,79.306892,21.260786
6-14-2010,94.421249,78.899811,21.12822
6-15-2010,96.568153,78.57415,22.023067
6-16-2010,96.533653,79.021942,21.807634
6-17-2010,96.688858,79.665115,21.849058
6-18-2010,96.793694,79.534843,21.907059
6-21-2010,96.516464,79.306892,21.501064
6-22-2010,94.922462,80.251328,21.351927
6-23-2010,94.627914,80.796791,20.970791
6-24-2010,93.05986,80.31646,20.71394
6-25-2010,93.449707,80.642097,20.324518
6-28-2010,93.155182,81.399284,20.142233
6-29-2010,90.278992,82.286682,19.313673
6-30-2010,89.421341,82.840317,19.065109
7-1-2010,89.022835,82.971016,19.189392
7-2-2010,88.537697,82.309517,19.280531
7-6-2010,89.118118,82.987297,19.73624
7-7-2010,91.925003,82.015526,20.133945
7-8-2010,92.834633,81.492851,20.22509
7-9-2010,93.527672,81.027359,20.109085
7-12-2010,93.588326,80.994728,20.573082
7-13-2010,95.00042,80.300575,20.821648
7-14-2010,94.991753,81.109024,21.078503
7-15-2010,95.017754,81.917534,21.136501
7-16-2010,92.401466,82.317673,20.622799
7-19-2010,92.947258,81.811356,20.904503
7-20-2010,93.978165,81.933868,21.111647
7-21-2010,92.756653,83.322151,20.81337
7-22-2010,94.827133,82.358528,21.409927
7-23-2010,95.650162,81.484695,21.385069
7-26-2010,96.646416,81.345863,21.625351
7-27-2010,96.637772,80.561897,21.675064
7-28-2010,96.014,80.823235,21.501064
7-29-2010,95.546227,80.798721,21.567354
7-30-2010,95.52887,82.056313,21.385069
8-2-2010,97.686012,80.904411,21.815922
8-3-2010,97.218201,81.371422,21.675064
8-4-2010,97.867935,80.748795,21.318783
8-5-2010,97.763977,81.125633,21.0205
8-6-2010,97.365471,82.010475,21.169647
8-9-2010,97.885269,81.707336,21.219355
8-10-2010,97.356789,81.879364,20.771935
8-11-2010,94.688538,82.977257,20.597937
8-12-2010,94.108101,82.772408,20.291374
8-13-2010,93.830887,83.804688,20.216803
8-16-2010,93.787582,85.902084,20.29966
8-17-2010,94.939751,85.410492,20.582872
8-18-2010,95.113029,85.639923,20.674501
8-19-2010,93.458374,86.975334,20.357964
8-20-2010,93.155182,86.876999,20.183046
8-23-2010,92.800011,86.89341,20.224691
8-24-2010,91.422539,88.286186,20.024778
8-25-2010,91.77771,87.999443,20.074757
8-26-2010,91.162643,88.82692,19.84152
8-27-2010,92.574722,86.311722,19.933147
8-30-2010,91.231926,87.966675,19.691586
8-31-2010,91.231926,88.941635,19.549982
9-1-2010,93.960808,87.102638,19.908152
9-2-2010,94.835823,86.182274,19.941479
9-3-2010,96.065987,85.114029,20.233021
9-7-2010,94.983101,86.856133,19.958136
9-8-2010,95.650162,86.165855,19.933147
9-9-2010,96.09198,84.464897,19.999788
9-10-2010,96.57711,84.078674,19.866507
9-13-2010,97.651337,84.489555,20.916061
9-14-2010,97.590706,85.30307,20.849426
9-15-2010,97.963242,84.037567,20.924395
9-16-2010,97.937256,83.207626,21.099318
9-17-2010,97.973808,83.544563,21.00769
9-20-2010,99.471863,84.02935,21.182615
9-21-2010,99.271538,85.19619,20.949383
9-22-2010,98.783806,85.960434,20.499573
9-23-2010,97.982521,86.206932,20.349642
9-24-2010,100.003151,85.048325,20.641182
9-27-2010,99.524139,86.527397,20.599533
9-28-2010,99.872498,87.119064,20.557884
9-29-2010,99.698326,86.757484,20.407946
9-30-2010,99.402184,86.699936,20.399614
10-1-2010,99.820259,86.28096,20.307991
10-4-2010,99.071236,86.503647,19.916489
10-5-2010,101.065704,85.984055,20.282999
10-6-2010,101.056992,87.064537,20.349642
10-7-2010,100.935066,86.33873,20.432936
10-8-2010,101.501213,85.959297,20.466255
10-11-2010,101.596992,85.975777,20.482914
10-12-2010,101.910522,85.126251,20.682827
10-13-2010,102.70311,84.994301,21.107645
10-14-2010,102.302467,83.724098,21.016022
10-15-2010,102.511497,82.701385,21.274246
10-18-2010,103.016655,83.369492,21.507475
10-19-2010,101.666679,83.872612,20.907728
10-20-2010,102.659561,84.054047,21.082659
10-21-2010,102.886017,83.056053,21.174284
10-22-2010,103.077629,83.616936,21.140965
10-25-2010,103.382462,83.856087,20.9827
10-26-2010,103.399857,82.56115,21.574112
10-27-2010,103.103737,81.835342,21.699055
10-28-2010,103.121162,82.058067,21.890644
10-29-2010,103.199547,82.825157,22.215506
11-1-2010,103.234406,82.468506,22.448744
11-2-2010,104.053093,83.552422,22.815248
11-3-2010,104.471161,81.847961,22.515379
11-4-2010,106.48307,82.485046,22.60701
11-5-2010,106.88369,81.070168,22.365444
11-8-2010,106.683372,81.434235,22.332119
11-9-2010,105.916946,79.638756,22.448744
11-10-2010,106.343697,79.746315,22.440411
11-11-2010,105.943062,79.704948,22.223837
11-12-2010,104.688881,79.274673,21.882315
11-15-2010,104.540802,77.619835,21.824007
11-16-2010,102.91214,79.547707,21.631247
11-17-2010,102.964394,79.1092,21.430105
11-18-2010,104.479851,79.43187,21.656385
11-19-2010,104.767288,79.920052,21.530678
11-22-2010,104.680176,80.259277,21.564198
11-23-2010,103.164726,80.656441,21.052959
11-24-2010,104.688881,79.216705,21.262486
11-26-2010,103.469551,80.317192,21.161909
11-29-2010,103.783112,81.004005,21.212198
11-30-2010,103.199547,81.425926,21.170288
12-1-2010,105.394379,79.615921,21.824007
12-2-2010,106.744331,79.408348,22.536388
12-3-2010,107.031761,78.78569,22.64534
12-6-2010,106.918526,79.898232,22.494484
12-7-2010,106.9795,78.187828,22.519627
12-8-2010,107.371422,77.432297,22.821341
12-9-2010,107.78949,77.814217,22.695627
12-10-2010,108.416588,77.340958,22.913527
12-13-2010,108.486237,77.631538,22.838102
12-14-2010,108.582047,76.502357,23.148199
12-15-2010,108.085625,75.506012,23.340961
12-16-2010,108.712715,76.029083,23.45829
12-17-2010,108.82917,77.415703,23.382864
12-20-2010,109.091827,77.332619,23.307432
12-21-2010,109.78347,77.87233,23.525339
12-22-2010,110.124939,77.316017,23.625916
12-23-2010,109.967361,77.158279,23.718103
12-27-2010,110.011124,77.847412,23.525339
12-28-2010,110.168709,76.322784,23.475054
12-29-2010,110.24752,77.61412,23.441528
12-30-2010,110.072426,77.555824,23.340961
12-31-2010,110.098694,78.413933,23.391243
1-3-2011,111.23687,77.822441,23.449911
1-4-2011,111.175591,77.91407,23.542105
1-5-2011,111.753456,76.197868,23.466679
1-6-2011,111.534554,76.531059,24.15391
1-7-2011,111.315674,76.939331,23.969534
1-10-2011,111.175591,77.355888,23.651054
1-11-2011,111.569603,76.922653,23.558863
1-12-2011,112.576454,76.322784,23.927624
1-13-2011,112.392555,77.005981,23.625916
1-14-2011,113.206848,76.514412,23.718103
1-18-2011,113.399452,76.156197,24.019814
1-19-2011,112.287506,76.706024,23.860579
1-20-2011,112.138664,75.647972,23.76001
1-21-2011,112.392555,76.247826,23.48344
1-24-2011,113.031731,76.281113,23.785147
1-25-2011,113.093018,77.005981,23.843815
1-26-2011,113.530785,75.8396,24.120388
1-27-2011,113.810974,76.181152,24.195818
1-28-2011,111.823494,76.581093,23.257153
1-31-2011,112.663986,75.99791,23.240387
2-1-2011,114.467606,75.621643,23.45829
2-2-2011,114.248711,75.63839,23.416386
2-3-2011,114.502632,75.011314,23.173336
2-4-2011,114.826561,74.250504,23.273914
2-7-2011,115.544502,74.635094,23.634289
2-8-2011,116.069862,73.949524,23.70134
2-9-2011,115.807175,74.5933,23.441528
2-10-2011,115.850937,73.73217,23.047628
2-11-2011,116.542618,74.793961,22.838102
2-14-2011,116.822784,74.844116,22.821341
2-15-2011,116.455078,75.178558,22.7286
2-16-2011,117.190544,74.936058,22.77919
2-17-2011,117.540749,75.053116,22.939369
2-18-2011,117.785896,74.819046,22.812914
2-22-2011,115.421944,75.939362,22.416674
2-23-2011,114.712776,76.215271,22.416674
2-24-2011,114.633942,76.700188,22.568422
2-25-2011,115.859711,77.151711,22.382952
2-28-2011,116.577652,77.251976,22.408249
3-1-2011,114.633942,77.475914,22.054167
3-2-2011,114.87912,76.284859,21.986725
3-3-2011,116.857811,75.538383,22.087889
3-4-2011,115.982285,76.16748,21.877131
3-7-2011,115.071724,75.681007,21.683228
3-8-2011,116.078629,75.219688,21.843405
3-9-2011,115.912254,75.949356,21.826542
3-10-2011,113.767151,77.224297,21.421879
3-11-2011,114.555168,76.788155,21.649502
3-14-2011,113.863503,76.754593,21.657928
3-15-2011,112.558945,77.903732,21.405014
3-16-2011,110.475166,78.784378,20.899195
3-17-2011,111.937294,78.180481,20.890759
3-18-2011,112.344452,78.390152,20.907623
3-21-2011,114.085541,77.928864,21.354435
3-22-2011,113.689827,78.188873,21.329145
3-23-2011,114.015182,78.088234,21.531479
3-24-2011,115.10556,77.501076,21.759096
3-25-2011,115.457306,77.308174,21.598925
3-28-2011,115.175926,77.417191,21.421879
3-29-2011,115.949738,76.821686,21.489323
3-30-2011,116.749954,77.43399,21.590487
3-31-2011,116.591644,77.274628,21.405014
4-1-2011,117.084084,77.650291,21.480894
4-4-2011,117.180779,77.734489,21.539904
4-5-2011,117.163239,77.422874,21.733805
4-6-2011,117.532555,76.260529,22.045732
4-7-2011,117.233574,76.108932,22.087889
4-8-2011,116.829079,75.704613,21.978292
4-11-2011,116.477341,75.77198,21.902418
4-12-2011,115.606796,76.588997,21.61578
4-13-2011,115.597992,77.069138,21.607347
4-14-2011,115.685928,77.010162,21.430307
4-15-2011,116.107994,78.054558,21.388157
4-18-2011,114.806602,78.231422,21.143675
4-19-2011,115.466087,78.568367,21.20269
4-20-2011,117.040138,78.062996,21.716948
4-21-2011,117.638069,77.995613,21.514614
4-25-2011,117.514954,78.290421,21.590487
4-26-2011,118.526184,79.0485,22.07946
4-27-2011,119.300011,78.239861,22.239641
4-28-2011,119.68692,78.837898,22.517845
4-29-2011,119.968323,79.082161,21.851833
5-2-2011,119.783661,79.209045,21.632639
5-3-2011,119.352814,79.657364,21.759096
5-4-2011,118.561363,80.01265,21.96986
5-5-2011,117.488586,80.773972,21.742237
5-6-2011,118.007401,80.418678,21.809689
5-9-2011,118.464638,80.334099,21.775959
5-10-2011,119.475883,79.758888,21.641073
5-11-2011,118.21843,80.215622,21.379725
5-12-2011,118.781204,79.70816,21.346006
5-13-2011,117.86673,80.427094,21.101519
5-16-2011,117.119255,80.875458,20.713717
5-17-2011,117.101692,81.704407,20.807068
5-18-2011,118.148079,80.621674,20.951321
5-19-2011,118.429459,80.587875,20.976776
5-20-2011,117.488586,80.630135,20.781603
5-23-2011,116.125595,81.019249,20.510061
5-24-2011,116.028862,81.323761,20.493092
5-25-2011,116.415802,80.943108,20.527035
5-26-2011,116.952179,81.636749,20.934343
5-27-2011,117.40065,81.602928,21.010721
5-31-2011,118.622902,81.788994,21.222864
6-1-2011,115.958534,82.894394,20.73069
6-2-2011,115.835403,81.3153,20.552492
6-3-2011,114.683495,81.782227,20.289431
6-6-2011,113.470009,81.162468,20.374285
6-7-2011,113.399666,81.536026,20.416714
6-8-2011,112.924797,82.172768,20.314888
6-9-2011,113.786545,81.841614,20.33186
6-10-2011,112.203758,82.469879,20.119715
6-13-2011,112.291679,82.053894,20.399742
6-14-2011,113.716225,80.814384,20.552492
6-15-2011,111.693726,82.283112,20.145174
6-16-2011,111.939957,82.656685,20.365799
6-17-2011,112.27401,82.266136,20.586433
6-20-2011,112.848381,82.368019,20.764627
6-21-2011,114.394852,82.002937,21.010721
6-22-2011,113.705582,82.053894,20.917374
6-23-2011,113.378632,82.682137,20.900404
6-24-2011,112.061905,82.334038,20.620371
6-27-2011,113.060478,81.204918,21.384094
6-28-2011,114.536263,80.551208,21.893238
6-29-2011,115.517181,80.016342,21.740496
6-30-2011,116.621788,79.889023,22.062952
7-1-2011,118.344994,79.761208,22.079926
7-5-2011,118.24778,79.940102,22.088408
7-6-2011,118.389183,80.349037,22.342981
7-7-2011,119.617523,80.110481,22.716356
7-8-2011,118.769196,81.243469,22.843639
7-11-2011,116.621788,82.461662,22.597555
7-12-2011,116.118088,82.742775,22.521187
7-13-2011,116.506889,82.972778,22.597555
7-14-2011,115.702759,81.788696,22.461781
7-15-2011,116.374336,81.924988,22.724842
7-18-2011,115.419945,81.132729,22.56361
7-19-2011,117.293388,82.819443,23.369757
7-20-2011,117.222687,81.839783,22.96244
7-21-2011,118.848701,81.209404,22.996384
7-22-2011,118.928238,81.822731,23.361269
7-25-2011,118.265465,80.928291,23.683733
7-26-2011,117.823631,81.481995,23.827988
7-27-2011,115.41111,81.49054,23.191555
7-28-2011,115.075294,81.797211,23.522497
7-29-2011,114.288834,83.415764,23.250959
8-1-2011,113.802795,84.257637,23.140638
8-2-2011,110.895409,86.78759,22.741816
8-3-2011,111.496338,86.958534,22.843639
8-4-2011,106.273689,90.052605,22.012037
8-5-2011,106.114594,87.454292,21.791412
8-8-2011,99.204079,90.214996,20.773119
8-9-2011,103.816978,90.488525,21.706551
8-10-2011,99.230583,93.18087,20.535521
8-11-2011,103.684433,88.479927,21.375607
8-12-2011,104.382545,90.232109,21.299234
8-15-2011,106.591797,89.317543,21.647148
8-16-2011,105.68161,90.796234,21.647148
8-17-2011,105.752289,92.385986,21.561758
8-18-2011,101.192406,94.283432,21.066475
8-19-2011,99.539886,95.044144,20.537041
8-22-2011,99.619415,94.80481,20.477268
8-23-2011,102.897942,93.497108,21.109171
8-24-2011,104.347214,90.838913,21.262878
8-25-2011,102.756538,91.821869,20.981083
8-26-2011,104.25,92.727852,21.561758
8-29-2011,107.245735,91.445847,22.065582
8-30-2011,107.528534,92.915901,22.398613
8-31-2011,108.005722,91.479958,22.714565
9-1-2011,106.874596,93.419182,22.381533
9-2-2011,104.143921,96.453979,22.03142
9-6-2011,103.383965,97.457016,21.783779
9-7-2011,106.300186,95.59671,22.202211
9-8-2011,105.195564,96.453979,22.390068
9-9-2011,102.438423,97.482765,21.980181
9-12-2011,103.101181,97.585632,22.108274
9-13-2011,104.046745,96.1968,22.236364
9-14-2011,105.487183,97.011238,22.629169
9-15-2011,107.307579,95.52813,23.047596
9-16-2011,107.942719,96.222542,23.158611
9-19-2011,106.867912,98.057137,23.235468
9-20-2011,106.743546,98.468605,23.039059
9-21-2011,103.59906,101.726326,22.193666
9-22-2011,100.250267,105.549889,21.399509
9-23-2011,100.854279,103.586662,21.399509
9-26-2011,103.25264,101.9235,21.724005
9-27-2011,104.407394,100.363235,21.920412
9-28-2011,102.275528,100.328964,21.843557
9-29-2011,103.08387,101.023361,21.732548
9-30-2011,100.507896,103.560966,21.254341
10-3-2011,97.647652,106.410957,20.94693
10-4-2011,99.788376,105.061569,21.638611
10-5-2011,101.635986,104.30526,22.108274
10-6-2011,103.474716,102.380074,22.49254
10-7-2011,102.781853,101.62368,22.415686
10-10-2011,106.219444,100.188416,23.004906
10-11-2011,106.326065,99.853218,23.056139
10-12-2011,107.258736,98.400673,23.02198
10-13-2011,107.04557,99.380486,23.209845
10-14-2011,108.875374,97.936577,23.286697
10-17-2011,106.796844,99.629723,23.039059
10-18-2011,108.884285,99.010925,23.320854
10-19-2011,107.596275,98.976532,23.167147
10-20-2011,108.067078,98.27179,23.090294
10-21-2011,110.118973,97.231796,23.192764
10-24-2011,111.469139,97.395119,23.218386
10-25-2011,109.301758,99.870415,22.893892
10-26-2011,110.412117,98.125687,22.706024
10-27-2011,114.258316,94.799522,23.269617
10-28-2011,114.231674,95.796532,23.039059
10-31-2011,111.47802,99.595345,22.740181
11-1-2011,108.36908,102.92923,22.193666
11-2-2011,110.136734,101.645325,22.210745
11-3-2011,112.144226,100.249405,22.654787
11-4-2011,111.460251,100.370033,22.415686
11-7-2011,112.153099,101.007683,22.885349
11-8-2011,113.59211,99.715141,23.192764
11-9-2011,109.399475,101.783195,22.372995
11-10-2011,110.429886,100.266594,22.441307
11-11-2011,112.508438,99.654839,22.979282
11-14-2011,111.442482,101.257568,22.851192
11-15-2011,111.993202,101.119682,23.006058
11-16-2011,110.21669,102.041718,22.429617
11-17-2011,108.466774,102.860321,21.973623
11-18-2011,108.351318,102.834457,21.767141
11-21-2011,106.290512,103.446274,21.509031
11-22-2011,105.873032,104.600922,21.32835
11-23-2011,103.536896,105.626358,21.053036
11-25-2011,103.341454,104.092529,20.906778
11-28-2011,106.33493,104.040817,21.397182
11-29-2011,106.636948,103.187782,21.37137
11-30-2011,111.025009,101.576385,22.008041
12-1-2011,111.007248,101.066711,21.749933
12-2-2011,110.909554,102.483414,21.698309
12-5-2011,112.117592,102.276085,22.111282
12-6-2011,112.153099,101.299934,22.076874
12-7-2011,112.570602,101.66275,22.025249
12-8-2011,110.101212,102.932587,21.85317
12-9-2011,111.966599,100.816238,22.111282
12-12-2011,110.332153,101.939186,21.947817
12-13-2011,109.301758,102.889381,22.162903
12-14-2011,108.138107,104.832977,22.016645
12-15-2011,108.528976,104.444267,21.990829
12-16-2011,108.68988,105.662247,22.369389
12-19-2011,107.527786,107.001144,21.965021
12-20-2011,110.781601,104.331978,22.395203
12-21-2011,110.996147,102.880745,22.162903
12-22-2011,111.979446,103.312653,22.205919
12-23-2011,112.980614,102.163788,22.395203
12-27-2011,113.070007,102.649071,22.403805
12-28-2011,111.586121,104.546936,22.214523
12-29-2011,112.739243,104.73761,22.386597
12-30-2011,112.185043,105.075539,22.334976
1-3-2012,113.972847,103.498367,23.031868
1-4-2012,114.151634,102.267784,23.573898
1-5-2012,114.455544,102.085808,23.814798
1-6-2012,114.160568,102.891731,24.184755
1-9-2012,114.437683,102.709755,23.866419
1-10-2012,115.429924,102.536407,23.952452
1-11-2012,115.492493,103.87101,23.849216
1-12-2012,115.769577,103.723663,24.090115
1-13-2012,115.170677,104.754936,24.305206
1-17-2012,115.61763,105.240227,24.313807
1-18-2012,116.895927,103.966324,24.287996
1-19-2012,117.512718,102.536407,24.193356
1-20-2012,117.950691,101.375175,25.561331
1-23-2012,117.646797,100.73391,25.578541
1-24-2012,117.512718,100.915871,25.242998
1-25-2012,118.496025,100.673233,25.432276
1-26-2012,117.888168,102.007805,25.380651
1-27-2012,117.834526,102.328438,25.148355
1-30-2012,117.432243,103.53302,25.475296
1-31-2012,117.387566,104.728928,25.406467
2-1-2012,118.415565,103.529282,25.716196
2-2-2012,118.603256,103.485832,25.767817
2-3-2012,120.265923,101.262032,26.017323
2-6-2012,120.185509,102.269699,25.982904
2-7-2012,120.489426,101.001427,26.111963
2-8-2012,120.846962,101.079643,26.378674
2-9-2012,120.998917,100.32383,26.473316
2-10-2012,120.105042,101.626877,26.241018
2-13-2012,120.998917,101.757156,26.309845
2-14-2012,120.846962,102.295753,26.197262
2-15-2012,120.283798,102.113327,26.024057
2-16-2012,121.615753,101.296799,27.097935
2-17-2012,121.937538,101.270721,27.063288
2-21-2012,121.991196,100.150139,27.227829
2-22-2012,121.597893,101.409714,27.08061
2-23-2012,122.134171,101.409714,27.167208
2-24-2012,122.402344,102.069901,27.26247
2-27-2012,122.607971,102.97332,27.149889
2-28-2012,122.965523,102.634567,27.600222
2-29-2012,122.482826,102.009064,27.487642
3-1-2012,123.117493,101.048759,27.963957
3-2-2012,122.742073,101.99778,27.782093
3-5-2012,122.241478,101.188072,27.539598
3-6-2012,120.453636,102.41568,27.331758
3-7-2012,121.293922,101.788841,27.574242
3-8-2012,122.500694,100.770111,27.721468
3-9-2012,122.974434,100.970436,27.704149
3-12-2012,122.983421,100.952972,27.747446
3-13-2012,125.200294,99.176826,28.293043
3-14-2012,125.066193,96.678047,28.379648
3-15-2012,125.79026,96.826057,28.448923
3-16-2012,125.964394,97.017624,28.23242
3-19-2012,126.458244,95.859596,27.886005
3-20-2012,126.090187,96.242722,27.704149
3-21-2012,125.883652,97.331062,27.634863
3-22-2012,124.976822,97.644493,27.712805
3-23-2012,125.380859,98.567383,27.721468
3-26-2012,127.140556,98.062386,28.223764
3-27-2012,126.745544,98.767654,28.163137
3-28-2012,126.117073,98.628311,27.877348
3-29-2012,125.901588,99.368362,27.816727
3-30-2012,126.42231,97.688004,27.937971
4-2-2012,127.347054,98.22924,27.963957
4-3-2012,126.826309,96.527046,27.660845
4-4-2012,125.569435,97.853851,27.028646
4-5-2012,125.506561,98.560928,27.297123
4-9-2012,124.09697,100.865433,26.933386
4-10-2012,122.01403,102.008896,26.387793
4-11-2012,123.001656,100.786858,26.283865
4-12-2012,124.608704,100.367867,26.829464
4-13-2012,123.127319,101.991486,26.682236
4-16-2012,123.046555,101.843109,26.916061
4-17-2012,124.869118,101.781998,27.227829
4-18-2012,124.447113,102.078789,26.968023
4-19-2012,123.648041,102.174782,26.855442
4-20-2012,123.854546,102.192261,28.076534
4-23-2012,122.813118,102.934258,27.816727
4-24-2012,123.279953,102.209732,27.643524
4-25-2012,124.96785,101.685989,27.886005
4-26-2012,125.838745,102.297005,27.808067
4-27-2012,126.045227,102.384277,27.695482
4-30-2012,125.578377,102.410454,27.730131
5-1-2012,126.359444,101.879318,27.721468
5-2-2012,125.982422,102.596878,27.539598
5-3-2012,125.021736,102.570633,27.504959
5-4-2012,123.001656,103.375648,26.829464
5-7-2012,123.091415,103.393173,26.543669
5-8-2012,122.597626,103.944405,26.413769
5-9-2012,121.870377,104.014404,26.638935
5-10-2012,122.121788,103.70816,26.621616
5-11-2012,121.753647,104.565666,26.985348
5-14-2012,120.406906,106.02697,26.569651
5-15-2012,119.715584,106.455765,26.334291
5-16-2012,119.257713,106.762001,26.064066
5-17-2012,117.489006,108.652023,25.90715
5-18-2012,116.483452,108.678291,25.514891
5-21-2012,118.485588,108.450783,25.933304
5-22-2012,118.692078,107.243271,25.942022
5-23-2012,118.754921,107.987038,25.375416
5-24-2012,118.988365,107.575775,25.340546
5-25-2012,118.602333,107.978279,25.331825
5-29-2012,120.038834,107.645767,25.767681
5-30-2012,118.297035,110.375839,25.575909
5-31-2012,118.036667,111.653389,25.445152
6-1-2012,115.06488,114.304062,24.800085
6-4-2012,115.011024,113.400925,24.887257
6-5-2012,115.88192,111.883957,24.85239
6-6-2012,118.485588,109.648071,25.58462
6-7-2012,118.557404,109.814697,25.480021
6-8-2012,119.500122,109.788361,25.846132
6-11-2012,117.982811,110.288147,25.192354
6-12-2012,119.338493,109.279793,25.532322
6-13-2012,118.575394,110.358315,25.392847
6-14-2012,119.832321,110.218033,25.575909
6-15-2012,121.057884,110.83181,26.168667
6-18-2012,121.292542,111.428062,26.011766
6-19-2012,122.465736,109.972488,26.761431
6-20-2012,122.267197,110.516129,26.96192
6-21-2012,119.523674,111.103584,26.273273
6-22-2012,120.444206,109.621727,26.761431
6-25-2012,118.512917,111.217606,26.037912
6-26-2012,119.108536,110.779198,26.168667
6-27-2012,120.182495,110.954575,26.299421
6-28-2012,119.839539,111.226379,26.072781
6-29-2012,122.826752,109.779633,26.665543
7-2-2012,123.196732,110.912262,26.639387
7-3-2012,124.008987,110.059898,26.813734
7-5-2012,123.44944,110.622314,26.761431
7-6-2012,122.276253,111.650406,26.316854
7-9-2012,122.122803,112.634552,26.151234
7-10-2012,121.057884,112.863037,25.924589
7-11-2012,121.075943,113.003639,25.541039
7-12-2012,120.489349,113.803276,24.956991
7-13-2012,122.51088,113.504501,25.619493
7-16-2012,122.222046,114.031738,25.663076
7-17-2012,123.061378,113.135445,25.854845
7-18-2012,123.97287,113.196976,26.543507
7-19-2012,124.297745,112.906967,26.735283
7-20-2012,123.160645,114.286552,26.255838
7-23-2012,121.915253,114.928024,25.523602
7-24-2012,120.86834,115.833084,25.410286
7-25-2012,120.895454,116.131874,25.131336
7-26-2012,122.889908,115.068634,25.418999
7-27-2012,125.155113,112.898155,25.942022
7-30-2012,125.155113,113.741699,25.837421
7-31-2012,124.279724,113.970222,25.689232
8-1-2012,124.171402,113.400497,25.636921
8-2-2012,123.314095,114.043289,25.445152
8-3-2012,125.759781,112.202911,25.933304
8-6-2012,126.003448,112.246925,26.107651
8-7-2012,126.63517,110.802811,26.377876
8-8-2012,126.788589,110.212814,26.438896
8-9-2012,126.896904,110.133591,26.587088
8-10-2012,127.104469,110.688286,26.517351
8-13-2012,127.041275,110.503403,26.491201
8-14-2012,127.059296,109.006416,26.438549
8-15-2012,127.203743,107.474251,26.499977
8-16-2012,128.142319,106.558441,27.008911
8-17-2012,128.313812,107.07798,27.114212
8-20-2012,128.322845,107.298119,26.973816
8-21-2012,127.934769,107.773613,27.026459
8-22-2012,127.988899,109.552399,26.798319
8-23-2012,126.942017,110.010262,26.552622
8-24-2012,127.709137,109.904587,26.815865
8-27-2012,127.736214,110.547424,26.929943
8-28-2012,127.609856,110.811577,26.877295
8-29-2012,127.709137,110.327278,26.894842
8-30-2012,126.788589,110.899666,26.605272
8-31-2012,127.39328,112.467064,27.044012
9-4-2012,127.275909,112.354156,26.6667
9-5-2012,127.167656,111.824669,26.6667
9-6-2012,129.748718,109.962715,27.509077
9-7-2012,130.254059,109.450859,27.158091
9-10-2012,129.514053,109.715584,26.956263
9-11-2012,129.875076,109.027306,27.017687
9-12-2012,130.308243,107.668304,27.008911
9-13-2012,132.293701,107.244698,27.149307
9-14-2012,132.880264,104.394371,27.386227
9-17-2012,132.429047,105.647469,27.386227
9-18-2012,132.320755,106.176926,27.359909
9-19-2012,132.392975,106.874107,27.245834
9-20-2012,132.401993,107.138847,27.596825
9-21-2012,132.346649,107.26236,27.368683
9-24-2012,132.147018,108.100716,27.008911
9-25-2012,130.740753,109.168465,26.6667
9-26-2012,130.005798,110.342125,26.473648
9-27-2012,131.230652,109.556725,26.46487
9-28-2012,130.622787,109.6185,26.11388
10-1-2012,130.96759,110.025291,25.876963
10-2-2012,131.103653,109.874977,26.026134
10-3-2012,131.638962,109.910332,26.201633
10-4-2012,132.582535,108.539665,26.350805
10-5-2012,132.591629,107.133636,26.192856
10-8-2012,132.13797,108.035622,26.13143
10-9-2012,130.831451,107.84108,25.692694
10-10-2012,129.996735,108.601578,25.429445
10-11-2012,130.069351,109.353226,25.403122
10-12-2012,129.642899,109.627365,25.622488
10-15-2012,130.72261,109.379768,25.894512
10-16-2012,132.047211,107.86763,25.876963
10-17-2012,132.646057,106.86834,25.964712
10-18-2012,132.301285,106.213943,25.885738
10-19-2012,130.096558,107.655334,25.131096
10-22-2012,130.1147,106.965614,24.569513
10-23-2012,128.309174,108.495461,24.613384
10-24-2012,127.946274,107.425423,24.481766
10-25-2012,128.318237,106.877174,24.464212
10-26-2012,128.245651,108.451233,24.753784
10-31-2012,128.245651,109.087929,25.043356
11-1-2012,129.588486,108.194771,25.903286
11-2-2012,128.436234,108.115181,25.885738
11-5-2012,128.699341,108.725388,25.999807
11-6-2012,129.706421,107.699554,26.201633
11-7-2012,126.766815,109.6539,25.517191
11-8-2012,125.242538,111.281021,25.280275
11-9-2012,125.351456,111.404839,25.297825
11-12-2012,125.451233,111.59053,24.76256
11-13-2012,125.015732,111.961929,23.966333
11-14-2012,123.328156,112.068031,23.745159
11-15-2012,123.119492,111.846962,23.585917
11-16-2012,123.727348,111.74971,23.462059
11-19-2012,126.231514,111.121857,23.647844
11-20-2012,126.285934,110.007622,23.630152
11-21-2012,126.52182,109.945709,23.84248
11-23-2012,128.245651,109.839592,24.505997
11-26-2012,127.973488,110.36132,24.231739
11-27-2012,127.320244,110.794647,23.957491
11-28-2012,128.34552,110.63546,24.205204
11-29-2012,128.94429,110.653168,23.84248
11-30-2012,128.971512,110.352509,23.550531
12-3-2012,128.336441,110.454369,23.382437
12-4-2012,128.154953,111.092346,23.329363
12-5-2012,128.38179,111.039185,23.594761
12-6-2012,128.817261,111.278419,23.647844
12-7-2012,129.207413,110.250595,23.408981
12-10-2012,129.261841,110.737915,23.833632
12-11-2012,130.141922,109.896172,24.169815
12-12-2012,130.205429,108.620285,24.099041
12-13-2012,129.407028,108.700027,23.984028
12-14-2012,128.926163,109.515182,23.71862
12-17-2012,130.441345,107.876015,23.97518
12-18-2012,131.893005,106.777306,24.382137
12-19-2012,130.913101,107.131729,24.160965
12-20-2012,131.666168,107.149437,24.488302
12-21-2012,130.471024,108.319016,24.284822
12-24-2012,130.06897,108.124069,23.939793
12-26-2012,129.520737,108.513023,23.762857
12-27-2012,129.347107,108.877106,23.851324
12-28-2012,127.949112,109.498718,23.488602
12-31-2012,130.123779,107.607292,23.630152
1-2-2013,133.458893,106.168755,24.435221
1-3-2013,133.157364,104.730156,24.107883
1-4-2013,133.742188,105.138649,23.656691
1-7-2013,133.376709,105.18306,23.612459
1-8-2013,132.992905,105.87571,23.488602
1-9-2013,133.330963,105.778015,23.621304
1-10-2013,134.3909,105.484962,23.408981
1-11-2013,134.381775,106.426216,23.736315
1-14-2013,134.290405,106.133217,23.789396
1-15-2013,134.381775,106.621605,24.072502
1-16-2013,134.36348,106.843605,23.922104
1-17-2013,135.231552,105.778015,24.107883
1-18-2013,135.533066,106.594971,24.107883
1-22-2013,136.264069,106.799225,24.019415
1-23-2013,136.483337,106.639374,24.426373
1-24-2013,136.519897,106.266434,24.444063
1-25-2013,137.28743,104.810097,24.665241
1-28-2013,137.122955,104.428276,24.691784
1-29-2013,137.662064,103.851067,24.780249
1-30-2013,137.122955,103.673462,24.6387
1-31-2013,136.784851,104.179611,24.284822
2-1-2013,138.192001,102.826881,24.709476
2-4-2013,136.638687,104.14402,24.27598
2-5-2013,138.018417,103.218468,24.329062
2-6-2013,138.118927,104.063927,24.187508
2-7-2013,137.936172,103.832535,24.134428
2-8-2013,138.703705,104.232971,24.373293
2-11-2013,138.676285,104.152924,24.647547
2-12-2013,138.904739,103.894829,24.665241
2-13-2013,139.023499,103.049362,24.797943
2-14-2013,139.151428,103.983833,24.806795
2-15-2013,138.986984,103.681259,24.780249
2-19-2013,140.028641,103.16507,25.021101
2-20-2013,138.283386,103.476532,24.860533
2-21-2013,137.442749,104.081696,24.52157
2-22-2013,138.785965,104.152924,24.762409
2-25-2013,136.145279,106.199852,24.414526
2-26-2013,137.07724,105.585808,24.414526
2-27-2013,138.80423,105.274292,24.807014
2-28-2013,138.530136,105.470047,24.798092
3-1-2013,138.986984,106.044464,24.931898
3-4-2013,139.727081,105.482544,25.1103
3-5-2013,140.978851,105.179306,25.2887
3-6-2013,141.170746,104.224998,25.05678
3-7-2013,141.426605,103.422318,25.101379
3-8-2013,142.029663,102.343163,24.976496
3-11-2013,142.568726,102.441261,24.860533
3-12-2013,142.248947,103.181511,24.896212
3-13-2013,142.449982,103.074486,24.905134
3-14-2013,143.208344,102.762314,25.101379
3-15-2013,143.019333,103.24395,25.012177
3-18-2013,142.22998,104.028778,25.065699
3-19-2013,141.899628,104.733398,25.137058
3-20-2013,142.890808,103.565018,25.261942
3-21-2013,141.670151,104.563927,25.074625
3-22-2013,142.808212,104.644196,25.199501
3-25-2013,142.211639,104.546112,25.119221
3-26-2013,143.349701,104.670944,25.119221
3-27-2013,143.349701,105.562836,25.30654
3-28-2013,143.790268,105.027718,25.520626
4-1-2013,143.221222,105.818726,25.520626
4-2-2013,143.927948,105.389717,25.690111
4-3-2013,142.468643,106.337166,25.476025
4-4-2013,143.04686,107.606369,25.511705
4-5-2013,142.404388,109.77829,25.60091
4-8-2013,143.368073,108.938126,25.502785
4-9-2013,143.863647,108.670013,26.41264
4-10-2013,145.625854,107.177322,27.010302
4-11-2013,146.103088,107.382896,25.814993
4-12-2013,145.745163,108.982849,25.681192
4-15-2013,142.367691,109.930267,25.591991
4-16-2013,144.469452,109.027534,25.841755
4-17-2013,142.35849,109.751511,25.716869
4-18-2013,141.468216,110.019676,25.681192
4-19-2013,142.698074,109.787292,26.555367
4-22-2013,143.33136,109.867691,27.500906
4-23-2013,144.809006,109.48336,27.295742
4-24-2013,144.900787,109.760429,28.330481
4-25-2013,145.488174,109.28672,28.491045
4-26-2013,145.231186,110.287788,28.357244
4-29-2013,146.204025,109.885574,29.088699
4-30-2013,146.552795,109.948174,29.525787
5-1-2013,145.267838,111.077698,29.186825
5-2-2013,146.617035,110.934334,29.579309
5-3-2013,148.103851,108.318848,29.873671
5-6-2013,148.480148,108.050095,30.105598
5-7-2013,149.232758,107.629143,29.713112
5-8-2013,149.91188,107.799316,29.427666
5-9-2013,149.489731,107.521667,29.133297
5-10-2013,149.976181,106.36618,29.160057
5-13-2013,150.095444,105.551071,29.463345
5-14-2013,151.64653,104.404564,30.119089
5-15-2013,152.463364,105.103195,30.406532
5-16-2013,151.747482,106.195984,30.613134
5-17-2013,153.215973,104.85244,31.322773
5-20-2013,153.206741,104.727036,31.51141
5-21-2013,153.427063,105.551071,31.304804
5-22-2013,152.288956,103.983589,31.089224
5-23-2013,151.848434,104.476212,30.676014
5-24-2013,151.719925,104.619553,30.783806
5-28-2013,152.628555,101.968246,31.457514
5-29-2013,151.637329,103.114754,31.33176
5-30-2013,152.197205,102.863937,31.466496
5-31-2013,150.012863,102.514595,31.349716
6-3-2013,150.838898,103.0578,31.969524
6-4-2013,150.113815,102.10611,31.430565
6-5-2013,148.012054,103.515755,31.241924
6-6-2013,149.35202,103.452873,31.403618
6-7-2013,151.251862,101.603249,32.041389
6-10-2013,151.251862,101.118416,31.861731
6-11-2013,149.69162,102.321548,31.29582
6-12-2013,148.452606,100.85804,31.439554
6-13-2013,150.710388,102.438301,31.188034
6-14-2013,149.76503,102.195862,30.900585
6-17-2013,150.921478,101.657158,31.439554
6-18-2013,152.114594,101.711014,31.421576
6-19-2013,150.012863,100.660484,31.071251
6-20-2013,146.295807,99.008415,30.083151
6-21-2013,146.765472,97.329391,29.885529
6-24-2013,144.910919,97.733459,30.289759
6-25-2013,146.304123,96.862511,30.244841
6-26-2013,147.752701,97.491028,30.855673
6-27-2013,148.619995,98.487648,31.098204
6-28-2013,148.011032,99.161057,31.026337
7-1-2013,148.878326,99.360847,30.864662
7-2-2013,148.739914,99.297844,30.487379
7-3-2013,148.804489,99.00087,30.550257
7-5-2013,150.409912,95.626152,30.729912
7-8-2013,151.267975,96.553078,30.837706
7-9-2013,152.356705,96.652054,30.855673
7-10-2013,152.412033,95.896118,31.170071
7-11-2013,154.488037,97.021034,32.059353
7-12-2013,154.552582,96.940033,32.041389
7-15-2013,155.143066,97.452995,32.490517
7-16-2013,154.561813,97.78598,32.58036
7-17-2013,154.958557,97.965942,32.104271
7-18-2013,155.807358,96.74205,31.834797
7-19-2013,156.084183,98.271912,28.205761
7-22-2013,156.388641,98.415955,28.753712
7-23-2013,156.056473,98.001938,28.583038
7-24-2013,155.484436,96.76004,28.708797
7-25-2013,155.862717,96.724075,28.196781
7-26-2013,156.028809,97.318031,28.403385
7-29-2013,155.549042,96.607101,28.331526
7-30-2013,155.549042,96.57106,28.609987
7-31-2013,155.65979,96.922028,28.601006
8-1-2013,157.458939,95.054512,28.448298
8-2-2013,157.726486,96.101051,28.64592
8-5-2013,157.495819,95.361259,28.475248
8-6-2013,156.60083,95.640968,28.367453
8-7-2013,156.093399,96.353661,28.798624
8-8-2013,156.665466,96.615326,29.544191
8-9-2013,156.213318,96.768677,29.373514
8-12-2013,156.028809,96.110085,29.526224
8-13-2013,156.490143,94.720718,29.15534
8-14-2013,155.687408,94.865036,29.263887
8-15-2013,153.509995,93.583954,28.757315
8-16-2013,153.002548,93.259171,28.766354
8-19-2013,152.024536,92.447182,28.395472
8-20-2013,152.771896,93.15992,28.603529
8-21-2013,151.83078,92.140465,28.594486
8-22-2013,153.214722,93.078697,29.300074
8-23-2013,153.731445,94.089165,31.434933
8-26-2013,153.159378,94.558296,30.892174
8-27-2013,150.695923,95.749207,30.08708
8-28-2013,151.231049,94.973335,29.869976
8-29-2013,151.470947,95.731163,30.349413
8-30-2013,150.99118,95.62291,30.213722
9-3-2013,151.67392,94.274185,28.83873
9-4-2013,152.928741,94.066116,28.223595
9-5-2013,153.122452,92.754509,28.250734
9-6-2013,153.196289,93.215843,28.178368
9-9-2013,154.663315,93.261063,28.639713
9-10-2013,155.807358,92.609779,29.300074
9-11-2013,156.296402,93.432938,29.616686
9-12-2013,155.881195,93.306305,29.571455
9-13-2013,156.231781,93.668121,29.879021
9-16-2013,157.135971,93.043945,29.670963
9-17-2013,157.837219,93.812836,29.788563
9-18-2013,159.664047,94.970711,30.141354
9-19-2013,159.396484,94.409859,30.430828
9-20-2013,158.282074,94.907379,29.661915
9-23-2013,157.549591,95.603889,29.616686
9-24-2013,157.178757,96.635094,29.354351
9-25-2013,156.724426,96.834099,29.408625
9-26-2013,157.327087,96.155685,29.643829
9-27-2013,156.603882,96.390892,30.096127
9-30-2013,155.769501,96.24614,30.105165
10-1-2013,157.002609,95.954117,30.376556
10-2-2013,156.854248,96.099213,30.684118
10-3-2013,155.407928,95.945038,30.629837
10-4-2013,156.585373,95.872498,30.64793
10-7-2013,155.231735,96.262459,30.123264
10-8-2013,153.423843,96.28968,29.860929
10-9-2013,153.535065,95.518768,29.915203
10-10-2013,156.844971,95.672958,30.539377
10-11-2013,157.855576,95.645729,30.874081
10-14-2013,158.486069,94.874847,31.163561
10-15-2013,157.33638,94.811363,31.199738
10-16-2013,159.533691,95.999451,31.33543
10-17-2013,160.59993,96.87014,31.588715
10-18-2013,161.684692,97.078712,31.624895
10-21-2013,161.69397,96.770348,31.652037
10-22-2013,162.630371,97.849632,31.281153
10-23-2013,161.851547,98.230492,30.539377
10-24-2013,162.389313,97.849632,30.503197
10-25-2013,163.131012,98.212372,32.321449
10-28-2013,163.390594,97.876823,32.176708
10-29-2013,164.262131,98.003784,32.131481
10-30-2013,163.446243,97.414284,32.14957
10-31-2013,162.982681,97.622879,32.031979
11-1-2013,163.37207,96.566216,32.140526
11-4-2013,163.94693,96.657127,32.51141
11-5-2013,163.427719,95.502243,33.144642
11-6-2013,164.262131,95.547699,34.53772
11-7-2013,162.185333,96.357025,33.922592
11-8-2013,164.373367,94.038139,34.17588
11-11-2013,164.40123,93.683479,34.004005
11-12-2013,164.067474,94.119949,33.795948
11-13-2013,165.383987,94.465515,34.51963
11-14-2013,166.209152,95.047546,34.39299
11-15-2013,166.932312,95.238495,34.230156
11-18-2013,166.34819,95.811409,33.651218
11-19-2013,165.986649,95.083908,33.487144
11-20-2013,165.467422,93.46521,33.797043
11-21-2013,166.802505,93.61982,34.088707
11-22-2013,167.636932,94.492821,34.243664
11-25-2013,167.470047,94.765633,34.307465
11-26-2013,167.516388,95.120277,34.043137
11-27-2013,167.924332,94.956612,34.271008
11-29-2013,167.81308,94.983879,34.754086
12-2-2013,167.377289,94.245117,35.045742
12-3-2013,166.65416,94.591682,34.918148
12-4-2013,166.635605,93.688751,35.492359
12-5-2013,165.903168,93.42421,34.635593
12-6-2013,167.757462,93.871147,34.963715
12-9-2013,168.183929,94.09005,35.28273
12-10-2013,167.581299,94.764984,34.735859
12-11-2013,165.699203,94.035316,34.280121
12-12-2013,165.152222,93.679588,33.924656
12-13-2013,165.133636,94.135658,33.441578
12-16-2013,166.162766,93.789055,33.623871
12-17-2013,165.634308,94.208618,33.286625
12-18-2013,168.462097,93.734337,33.341316
12-19-2013,168.26738,93.643143,33.040531
12-20-2013,169.24617,95.084198,33.54184
12-23-2013,170.150391,94.546082,33.377769
12-24-2013,170.52327,93.789055,33.797043
12-26-2013,171.390198,93.427605,34.125175
12-27-2013,171.38089,93.162239,33.988449
12-30-2013,171.352921,93.802788,33.988449
12-31-2013,172.163895,93.207977,34.097832
1-2-2014,170.513947,93.491676,33.869965
1-3-2014,170.485992,93.491676,33.642101
1-6-2014,169.991928,93.885147,32.931156
1-7-2014,171.03598,94.123055,33.186363
1-8-2014,171.073257,93.866829,32.593906
1-9-2014,171.185104,94.415855,32.384281
1-10-2014,171.65123,95.541405,32.849125
1-13-2014,169.367355,96.017242,31.882977
1-14-2014,171.213074,95.578018,32.612141
1-15-2014,172.135956,95.477379,33.505371
1-16-2014,171.912216,96.117867,33.623871
1-17-2014,171.185104,96.520538,33.159023
1-21-2014,171.688492,96.593719,32.967613
1-22-2014,171.800369,96.355797,32.748867
1-23-2014,170.392776,97.719238,32.867359
1-24-2014,166.757263,98.350616,33.550957
1-27-2014,165.936966,97.664352,32.840012
1-28-2014,166.925079,97.902229,33.058762
1-29-2014,165.321732,98.707497,33.41423
1-30-2014,167.074203,98.423828,33.596531
1-31-2014,166.095413,99.082695,34.489761
2-3-2014,162.357407,100.289986,33.250168
2-4-2014,163.494629,99.225807,33.131676
2-5-2014,163.289581,98.308372,32.648602
2-6-2014,165.442886,97.886391,32.976734
2-7-2014,167.493683,97.968948,33.32309
2-10-2014,167.801315,98.244156,33.54184
2-11-2014,169.637711,97.675377,33.879078
2-12-2014,169.721634,97.170822,34.152523
2-13-2014,170.597839,97.721237,34.280121
2-14-2014,171.539337,97.776291,34.289234
2-18-2014,171.744415,97.996483,34.362694
2-19-2014,170.607178,97.583641,34.445351
2-20-2014,171.613937,97.345108,34.665737
2-21-2014,171.418167,97.858879,34.876949
2-24-2014,172.368988,97.611191,34.610645
2-25-2014,172.303726,98.482697,34.4729
2-26-2014,172.313034,99.005615,34.408615
2-27-2014,173.217285,99.54689,34.76675
2-28-2014,173.655396,99.601898,35.179985
3-3-2014,172.434235,100.2668,34.693287
3-4-2014,174.857864,98.758644,35.271809
3-5-2014,175.016373,98.970139,34.996326
3-6-2014,175.417206,97.995338,35.033062
3-7-2014,175.491791,97.379196,34.803478
3-10-2014,175.398575,97.517105,34.730022
3-11-2014,174.531647,97.77462,34.913673
3-12-2014,174.578232,98.455154,35.143253
3-13-2014,172.620651,99.779411,34.794296
3-14-2014,172.135956,99.797813,34.61982
3-17-2014,173.692688,99.052879,34.941223
3-18-2014,174.93248,99.411537,36.318672
3-19-2014,174.00029,98.639076,36.06155
3-20-2014,175.016373,98.464363,37.034946
3-21-2014,174.33754,99.531113,36.878841
3-24-2014,173.616623,100.23922,37.191051
3-25-2014,174.440552,99.862183,37.044132
3-26-2014,173.185928,100.64386,36.539066
3-27-2014,172.82077,101.149635,36.144199
3-28-2014,173.672775,100.579475,37.007393
3-31-2014,175.095932,100.331177,37.641026
4-1-2014,176.256943,99.473724,38.035889
4-2-2014,176.846802,98.902115,37.971603
4-3-2014,176.612747,99.335449,37.659393
4-4-2014,174.524796,99.999275,36.61253
4-7-2014,172.596024,100.598572,36.548252
4-8-2014,173.307632,100.838287,36.566612
4-9-2014,175.170837,100.340408,37.163506
4-10-2014,171.491226,101.271591,36.144199
4-11-2014,169.94635,102.092209,36.006454
4-14-2014,171.285248,101.824829,35.978901
4-15-2014,172.464996,102.460976,36.502331
4-16-2014,174.272018,102.59005,37.099232
4-17-2014,174.515442,101.465225,36.741089
4-21-2014,175.124039,101.382248,36.676807
4-22-2014,175.919876,101.723373,36.722725
4-23-2014,175.507919,102.304245,36.447235
4-24-2014,175.863693,102.497894,36.603344
4-25-2014,174.421814,102.645393,36.649265
4-28-2014,174.974258,102.147537,37.530827
4-29-2014,175.788788,102.009209,37.200241
4-30-2014,176.313126,102.433334,37.099232
5-1-2014,176.331863,103.532219,36.731899
5-2-2014,176.079056,104.169937,36.447235
5-5-2014,176.416122,103.541512,36.208477
5-6-2014,174.8806,103.957367,35.868713
5-7-2014,175.910538,103.5877,36.199291
5-8-2014,175.723251,103.144066,36.401321
5-9-2014,175.985443,102.811317,36.30949
5-12-2014,177.698837,102.395432,36.704357
5-13-2014,177.858017,103.282684,37.379444
5-14-2014,177.015335,104.401016,37.21299
5-15-2014,175.461105,105.232826,36.621128
5-16-2014,176.069717,104.93708,36.833828
5-19-2014,176.715744,104.160721,36.75985
5-20-2014,175.601517,104.391754,36.695107
5-21-2014,177.080902,103.754051,37.314713
5-22-2014,177.511536,103.606194,37.083515
5-23-2014,178.223145,104.160721,37.102013
5-27-2014,179.318634,104.770729,37.166744
5-28-2014,179.187561,106.064667,37.00029
5-29-2014,180.114487,105.50087,37.30547
5-30-2014,180.404724,105.454643,37.860325
6-2-2014,180.610718,104.670723,37.721615
6-3-2014,180.517075,103.382721,37.259228
6-4-2014,180.882202,103.354935,37.286964
6-5-2014,182.061951,103.401268,38.11002
6-6-2014,182.932739,103.401268,38.359707
6-9-2014,183.119995,103.253006,38.165508
6-10-2014,183.138702,102.873062,38.017544
6-11-2014,182.502014,103.058395,37.786346
6-12-2014,181.209915,103.975761,37.527412
6-13-2014,181.76236,103.920158,38.128513
6-16-2014,181.91214,104.179611,38.378204
6-17-2014,182.41774,103.354935,38.544666
6-18-2014,183.756622,104.151802,38.516922
6-19-2014,183.962662,102.81749,38.387444
6-20-2014,184.336105,103.595863,38.544666
6-23-2014,184.279648,103.271538,38.831345
6-24-2014,183.16954,104.318596,38.609398
6-25-2014,183.997452,104.587318,38.868332
6-26-2014,183.865707,105.0877,38.581654
6-27-2014,184.223221,104.930176,39.071789
6-30-2014,184.129135,105.189606,38.56316
7-1-2014,185.361603,104.308929,38.720371
7-2-2014,185.549683,103.194138,38.748119
7-3-2014,186.46228,102.822525,38.655636
7-7-2014,185.813126,103.57502,38.831345
7-8-2014,184.618362,104.736252,38.637142
7-9-2014,185.446259,104.819862,38.535419
7-10-2014,184.712448,104.847748,38.553909
7-11-2014,184.966461,105.516632,38.92382
7-14-2014,185.897812,105.061409,38.970055
7-15-2014,185.549683,104.847748,39.256744
7-16-2014,186.236511,105.405144,40.764126
7-17-2014,184.119736,106.733635,41.180275
7-18-2014,186.001312,106.389908,41.328239
7-21-2014,185.653198,106.919464,41.466953
7-22-2014,186.46228,107.14241,41.45771
7-23-2014,186.876205,107.003067,41.494701
7-24-2014,186.885605,106.204086,41.060055
7-25-2014,186.010727,107.458275,41.152534
7-28-2014,186.085953,107.309624,40.662403
7-29-2014,185.286285,107.699791,40.588417
7-30-2014,185.314514,106.204086,40.301739
7-31-2014,181.654907,105.888245,39.91333
8-1-2014,181.099869,106.707932,39.635902
8-4-2014,182.407532,106.428505,40.107533
8-5-2014,180.638855,106.773102,39.839352
8-6-2014,180.695313,106.838318,39.524925
8-7-2014,179.716919,107.834976,39.978069
8-8-2014,181.796036,107.602112,39.950333
8-11-2014,182.322845,107.592812,39.950333
8-12-2014,182.068832,106.894226,40.24625
8-13-2014,183.301254,107.592812,40.764126
8-14-2014,184.166748,108.459053,40.939835
8-15-2014,184.129135,109.642044,41.420712
8-18-2014,185.672012,108.5522,41.716652
8-19-2014,186.641052,108.216896,42.181919
8-20-2014,187.139633,108.039894,41.828312
8-21-2014,187.685318,108.645355,42.079563
8-22-2014,187.393661,109.250816,42.01442
8-25-2014,188.343826,109.660652,42.033031
8-26-2014,188.46611,109.306686,41.88414
8-27-2014,188.390869,110.238144,41.753864
8-28-2014,188.287384,110.815651,41.763168
8-29-2014,188.823639,110.890152,42.274979
9-2-2014,188.729568,108.977257,41.95858
9-3-2014,188.626053,109.584106,41.83762
9-4-2014,188.353226,108.249077,42.116783
9-5-2014,189.199966,108.043671,42.721645
9-8-2014,188.710724,108.09037,43.242756
9-9-2014,187.516006,108.006317,43.512611
9-10-2014,188.221512,107.324821,43.587055
9-11-2014,188.437897,106.970062,43.735939
9-12-2014,187.337234,105.84977,43.456783
9-15-2014,187.196075,106.008438,43.028725
9-16-2014,188.607224,105.57901,43.512611
9-17-2014,188.861252,105.308266,43.289276
9-18-2014,189.867889,105.644394,43.438168
9-19-2014,189.696838,106.988724,44.21983
9-22-2014,188.231812,107.119446,43.791779
9-23-2014,187.154266,107.782288,43.326504
9-24-2014,188.619324,107.184776,43.81039
9-25-2014,185.575851,108.454453,42.842613
9-26-2014,187.050323,108.295761,43.18692
9-29-2014,186.710068,109.163979,43.214836
9-30-2014,186.218567,108.547806,43.140381
10-1-2014,183.694962,110.652664,42.712345
10-2-2014,183.723312,109.688705,42.582054
10-3-2014,185.745987,110.156631,42.889137
10-6-2014,185.52861,110.22216,42.889137
10-7-2014,182.664688,111.710243,42.368038
10-8-2014,185.85939,111.738327,43.531223
10-9-2014,182.173218,111.251671,42.665806
10-10-2014,180.093811,112.356026,40.972202
10-13-2014,177.135437,113.039223,40.618599
10-14-2014,177.409515,113.778595,40.693043
10-15-2014,176.209167,114.677086,40.21846
10-16-2014,176.057938,113.947083,39.771793
10-17-2014,178.137329,113.310646,40.599991
10-20-2014,179.867004,113.722488,41.018726
10-21-2014,183.430344,112.814636,41.763168
10-22-2014,182.125961,112.936287,41.297897
10-23-2014,184.243149,111.934853,41.893452
10-24-2014,185.660919,112.047195,42.926361
10-27-2014,185.405701,112.253082,42.721645
10-28-2014,187.532364,111.551155,43.26136
10-29-2014,187.248795,111.803833,43.382332
10-30-2014,188.449188,111.897453,42.851913
10-31-2014,190.604187,111.607292,43.689419
11-3-2014,190.70816,111.607292,44.145386
11-4-2014,190.046524,111.95443,44.266357
11-5-2014,191.246918,111.79496,44.536217
11-6-2014,192.012497,111.07251,45.317886
11-7-2014,192.192093,112.348457,45.299274
11-10-2014,192.796997,111.316452,45.494686
11-11-2014,192.986023,111.39151,45.47607
11-12-2014,192.778091,111.297676,45.392326
11-13-2014,192.995468,111.560387,46.16468
11-14-2014,193.04274,112.104553,46.136768
11-17-2014,193.165588,111.82309,46.025105
11-18-2014,194.28093,112.132713,45.641171
11-19-2014,193.969025,111.419647,45.154228
11-20-2014,194.309265,112.001343,45.603718
11-21-2014,195.348969,112.676834,44.929489
11-24-2014,195.897171,112.770645,44.564281
11-25-2014,195.755402,113.708855,44.451908
11-26-2014,196.256332,114.01844,44.714111
11-28-2014,195.840485,114.919113,44.770294
12-1-2014,194.479416,114.248665,45.528797
12-2-2014,195.736496,113.139114,45.378967
12-3-2014,196.492661,113.581062,45.023132
12-4-2014,196.275253,114.530785,45.734806
12-5-2014,196.596619,113.863136,45.341511
12-8-2014,195.282822,115.254807,44.667294
12-9-2014,195.150497,115.847214,44.564281
12-10-2014,192.021957,116.693504,43.918152
12-11-2014,192.995468,117.173042,44.170986
12-12-2014,189.876389,118.762215,43.964966
12-15-2014,188.572067,118.517723,43.70277
12-16-2014,187.059769,119.984627,42.288784
12-17-2014,190.727066,118.903229,42.831905
12-18-2014,195.443466,116.787552,44.49873
12-19-2014,196.275085,118.357864,44.629833
12-22-2014,197.177948,118.517723,44.929489
12-23-2014,197.444092,116.166916,45.36961
12-24-2014,197.463058,116.799187,45.079311
12-26-2014,198.099838,117.232674,44.83585
12-29-2014,198.365936,118.109016,44.433186
12-30-2014,197.301514,118.429382,44.030525
12-31-2014,195.343689,118.655563,43.496765
